<?xml version="1.0" standalone="yes"?>
<NewDataSet>
  <ACXML>
    <ac_id>798</ac_id>
    <ac_name>PURCHASES</ac_name>
    <mailname>PURCHASES                                         </mailname>
    <group>TRADING EXPENSES                                  </group>
  </ACXML>
  <ACXML>
    <ac_id>799</ac_id>
    <ac_name>SALES</ac_name>
    <mailname>SALES                                             </mailname>
    <group>TRADING INCOME                                    </group>
  </ACXML>
  <ACXML>
    <ac_id>813</ac_id>
    <ac_name>SALES TAX A/C</ac_name>
    <mailname>SALES TAX A/C                                     </mailname>
    <group>CURRENT LIABILITIES &amp; PROVISIONS                  </group>
  </ACXML>
  <ACXML>
    <ac_id>834</ac_id>
    <ac_name>BATTA TRADING CO.</ac_name>
    <mailname>BATTA TRADING CO.(A)                              </mailname>
    <group>SUNDRY DEBTORS                                    </group>
  </ACXML>
  <ACXML>
    <ac_id>835</ac_id>
    <ac_name>A B TRADERS</ac_name>
    <mailname>A B TRADERS                                       </mailname>
    <group>SUNDRY DEBTORS                                    </group>
  </ACXML>
  <ACXML>
    <ac_id>836</ac_id>
    <ac_name>A.R.TRADING CO.</ac_name>
    <mailname>A.R.TRADING CO.                                   </mailname>
    <group>SUNDRY DEBTORS                                    </group>
  </ACXML>
  <ACXML>
    <ac_id>837</ac_id>
    <ac_name>ARYAN TRADING CO.</ac_name>
    <mailname>ARYAN TRADING CO.                                 </mailname>
    <group>SUNDRY DEBTORS                                    </group>
  </ACXML>
  <ACXML>
    <ac_id>838</ac_id>
    <ac_name>ASHOK AND SONS</ac_name>
    <mailname>ASHOK &amp; SONS(D)                                   </mailname>
    <group>SUNDRY DEBTORS                                    </group>
  </ACXML>
  <ACXML>
    <ac_id>839</ac_id>
    <ac_name>ASHOK KUMAR AND CO.</ac_name>
    <mailname>ASHOK KUMAR &amp; CO.(C)                              </mailname>
    <group>SUNDRY DEBTORS                                    </group>
  </ACXML>
  <ACXML>
    <ac_id>840</ac_id>
    <ac_name>BASANTA MAL CHARAN DASS</ac_name>
    <mailname>BASANTA MAL CHARAN DASS(B)                        </mailname>
    <group>SUNDRY DEBTORS                                    </group>
  </ACXML>
  <ACXML>
    <ac_id>841</ac_id>
    <ac_name>BHAG GENERAL STORE</ac_name>
    <mailname>BHAG GENERAL STORE(D)                             </mailname>
    <group>SUNDRY DEBTORS                                    </group>
  </ACXML>
  <ACXML>
    <ac_id>842</ac_id>
    <ac_name>BHALLA AND CO.</ac_name>
    <mailname>BHALLA &amp; CO.(C)                                   </mailname>
    <group>SUNDRY DEBTORS                                    </group>
  </ACXML>
  <ACXML>
    <ac_id>843</ac_id>
    <ac_name>BHATIA ENTERPRISES</ac_name>
    <mailname>BHATIA ENTERPRISES(A)                             </mailname>
    <group>SUNDRY DEBTORS                                    </group>
  </ACXML>
  <ACXML>
    <ac_id>844</ac_id>
    <ac_name>BHAWANI MARKETING  COMPANY</ac_name>
    <mailname>BHAWANI MARKETING  COMPANY(A)                     </mailname>
    <group>SUNDRY DEBTORS                                    </group>
  </ACXML>
  <ACXML>
    <ac_id>845</ac_id>
    <ac_name>BIRU MAL BABU RAM</ac_name>
    <mailname>BIRU MAL BABU RAM(C)                              </mailname>
    <group>SUNDRY DEBTORS                                    </group>
  </ACXML>
  <ACXML>
    <ac_id>846</ac_id>
    <ac_name>CAPITAL PAINT HARDWARE STORE</ac_name>
    <mailname>CAPITAL PAINT HARDWARE STORE                      </mailname>
    <group>SUNDRY DEBTORS                                    </group>
  </ACXML>
  <ACXML>
    <ac_id>847</ac_id>
    <ac_name>G.K.ENTERPRISES</ac_name>
    <mailname>G.K.ENTERPRISES(C)                                </mailname>
    <group>SUNDRY DEBTORS                                    </group>
  </ACXML>
  <ACXML>
    <ac_id>848</ac_id>
    <ac_name>G.R.D.AGENCIES</ac_name>
    <mailname>G.R.D.AGENCIES                                    </mailname>
    <group>SUNDRY DEBTORS                                    </group>
  </ACXML>
  <ACXML>
    <ac_id>849</ac_id>
    <ac_name>GANPATI TRADERS</ac_name>
    <mailname>GANPATI TRADERS                                   </mailname>
    <group>SUNDRY DEBTORS                                    </group>
  </ACXML>
  <ACXML>
    <ac_id>850</ac_id>
    <ac_name>GAURAV SALES AGENCIES</ac_name>
    <mailname>GAURAV SALES AGENCIES(C)                          </mailname>
    <group>SUNDRY DEBTORS                                    </group>
  </ACXML>
  <ACXML>
    <ac_id>851</ac_id>
    <ac_name>GAUTAM TRADERS</ac_name>
    <mailname>GAUTAM TRADERS(B)                                 </mailname>
    <group>SUNDRY DEBTORS                                    </group>
  </ACXML>
  <ACXML>
    <ac_id>852</ac_id>
    <ac_name>GOYAL TRADERS</ac_name>
    <mailname>GOYAL TRADERS                                     </mailname>
    <group>SUNDRY DEBTORS                                    </group>
  </ACXML>
  <ACXML>
    <ac_id>853</ac_id>
    <ac_name>GUPTA AGENCIES</ac_name>
    <mailname>GUPTA AGENCIES(D)                                 </mailname>
    <group>SUNDRY DEBTORS                                    </group>
  </ACXML>
  <ACXML>
    <ac_id>854</ac_id>
    <ac_name>GUPTA GENERAL STORE</ac_name>
    <mailname>GUPTA GENERAL STORE(B)                            </mailname>
    <group>SUNDRY DEBTORS                                    </group>
  </ACXML>
  <ACXML>
    <ac_id>855</ac_id>
    <ac_name>GUPTA TRADING CO.</ac_name>
    <mailname>GUPTA TRADING CO.(C)                              </mailname>
    <group>SUNDRY DEBTORS                                    </group>
  </ACXML>
  <ACXML>
    <ac_id>856</ac_id>
    <ac_name>HARI MOHAN RAGHUBAR DAYAL</ac_name>
    <mailname>HARI MOHAN RAGHUBAR DAYAL(C)                      </mailname>
    <group>SUNDRY DEBTORS                                    </group>
  </ACXML>
  <ACXML>
    <ac_id>857</ac_id>
    <ac_name>GURU NANAK MEDICOS</ac_name>
    <mailname>GURU NANAK MEDICOS(D)                             </mailname>
    <group>SUNDRY DEBTORS                                    </group>
  </ACXML>
  <ACXML>
    <ac_id>858</ac_id>
    <ac_name>HIND FANCY GENERAL STORE</ac_name>
    <mailname>HIND FANCY GENERAL STORE(D)                       </mailname>
    <group>SUNDRY DEBTORS                                    </group>
  </ACXML>
  <ACXML>
    <ac_id>859</ac_id>
    <ac_name>ISHU TRADING CO.</ac_name>
    <mailname>ISHU TRADING CO.                                  </mailname>
    <group>SUNDRY DEBTORS                                    </group>
  </ACXML>
  <ACXML>
    <ac_id>860</ac_id>
    <ac_name>JAI HIND TRADING CO.</ac_name>
    <mailname>JAI HIND TRADING CO.(D)                           </mailname>
    <group>SUNDRY DEBTORS                                    </group>
  </ACXML>
  <ACXML>
    <ac_id>861</ac_id>
    <ac_name>JOT ENTERPRISES</ac_name>
    <mailname>JOT ENTERPRISES(B)                                </mailname>
    <group>SUNDRY DEBTORS                                    </group>
  </ACXML>
  <ACXML>
    <ac_id>862</ac_id>
    <ac_name>kanodia agency</ac_name>
    <mailname>kanodia agency                                    </mailname>
    <group>SUNDRY DEBTORS                                    </group>
  </ACXML>
  <ACXML>
    <ac_id>863</ac_id>
    <ac_name>KAY TEE TRADING(C)</ac_name>
    <mailname>KAY TEE TRADING(C)                                </mailname>
    <group>SUNDRY DEBTORS                                    </group>
  </ACXML>
  <ACXML>
    <ac_id>864</ac_id>
    <ac_name>KHURANA TRADING CO.DEVIGARH(C)</ac_name>
    <mailname>KHURANA TRADING CO.DEVIGARH(C)                    </mailname>
    <group>SUNDRY DEBTORS                                    </group>
  </ACXML>
  <ACXML>
    <ac_id>865</ac_id>
    <ac_name>M.S.TRADING CO.(C)</ac_name>
    <mailname>M.S.TRADING CO.(C)                                </mailname>
    <group>SUNDRY DEBTORS                                    </group>
  </ACXML>
  <ACXML>
    <ac_id>866</ac_id>
    <ac_name>M.K.TRADERS(C)</ac_name>
    <mailname>M.K.TRADERS(C)                                    </mailname>
    <group>SUNDRY DEBTORS                                    </group>
  </ACXML>
  <ACXML>
    <ac_id>867</ac_id>
    <ac_name>MAHALAXMI TRADERS(C)</ac_name>
    <mailname>MAHALAXMI TRADERS(C)                              </mailname>
    <group>SUNDRY DEBTORS                                    </group>
  </ACXML>
  <ACXML>
    <ac_id>868</ac_id>
    <ac_name>MUKESH ENTERPRISES(C)</ac_name>
    <mailname>MUKESH ENTERPRISES(C)                             </mailname>
    <group>SUNDRY DEBTORS                                    </group>
  </ACXML>
  <ACXML>
    <ac_id>869</ac_id>
    <ac_name>N.V.TRADERS(D)</ac_name>
    <mailname>N.V.TRADERS(D)                                    </mailname>
    <group>SUNDRY DEBTORS                                    </group>
  </ACXML>
  <ACXML>
    <ac_id>870</ac_id>
    <ac_name>AMAR REMEIDES LIMITED</ac_name>
    <mailname>AMAR REMEIDES LIMITED                             </mailname>
    <group>SUNDRY CREDITORS                                  </group>
  </ACXML>
  <ACXML>
    <ac_id>871</ac_id>
    <ac_name>OASIS GALLERY (D)</ac_name>
    <mailname>OASIS GALLERY (D)                                 </mailname>
    <group>SUNDRY DEBTORS                                    </group>
  </ACXML>
  <ACXML>
    <ac_id>872</ac_id>
    <ac_name>OM PRAKASH MEHTA  ROS- B                   </ac_name>
    <mailname>OM PRAKASH MEHTA &amp; ROS.(B)                        </mailname>
    <group>SUNDRY DEBTORS                                    </group>
  </ACXML>
  <ACXML>
    <ac_id>873</ac_id>
    <ac_name>OSWAL AGENCIES(B)</ac_name>
    <mailname>OSWAL AGENCIES(B)                                 </mailname>
    <group>SUNDRY DEBTORS                                    </group>
  </ACXML>
  <ACXML>
    <ac_id>874</ac_id>
    <ac_name>PARDEEP ENTERPRISES(C)</ac_name>
    <mailname>PARDEEP ENTERPRISES(C)                            </mailname>
    <group>SUNDRY DEBTORS                                    </group>
  </ACXML>
  <ACXML>
    <ac_id>875</ac_id>
    <ac_name>PARKASH MEDICAL TRADERS(C)</ac_name>
    <mailname>PARKASH MEDICAL TRADERS(C)                        </mailname>
    <group>SUNDRY DEBTORS                                    </group>
  </ACXML>
  <ACXML>
    <ac_id>877</ac_id>
    <ac_name>PAWAN KUMAR And CO.,(C)</ac_name>
    <mailname>PAWAN KUMAR &amp; CO.,(C)                             </mailname>
    <group>SUNDRY DEBTORS                                    </group>
  </ACXML>
  <ACXML>
    <ac_id>878</ac_id>
    <ac_name>PUNJAB AGENCIES(D)</ac_name>
    <mailname>PUNJAB AGENCIES(D)                                </mailname>
    <group>SUNDRY DEBTORS                                    </group>
  </ACXML>
  <ACXML>
    <ac_id>879</ac_id>
    <ac_name>RAJU TRADERS(B)</ac_name>
    <mailname>RAJU TRADERS(B)                                   </mailname>
    <group>SUNDRY DEBTORS                                    </group>
  </ACXML>
  <ACXML>
    <ac_id>880</ac_id>
    <ac_name>RAKESH TRADING CO.(C)</ac_name>
    <mailname>RAKESH TRADING CO.(C)                             </mailname>
    <group>SUNDRY DEBTORS                                    </group>
  </ACXML>
  <ACXML>
    <ac_id>881</ac_id>
    <ac_name>RANA AGENCIES(B)</ac_name>
    <mailname>RANA AGENCIES(B)                                  </mailname>
    <group>SUNDRY DEBTORS                                    </group>
  </ACXML>
  <ACXML>
    <ac_id>882</ac_id>
    <ac_name>S.R.ENTERPRISES(D)</ac_name>
    <mailname>S.R.ENTERPRISES(D)                                </mailname>
    <group>SUNDRY DEBTORS                                    </group>
  </ACXML>
  <ACXML>
    <ac_id>883</ac_id>
    <ac_name>S.V.TRADERS(C)</ac_name>
    <mailname>S.V.TRADERS(C)                                    </mailname>
    <group>SUNDRY DEBTORS                                    </group>
  </ACXML>
  <ACXML>
    <ac_id>884</ac_id>
    <ac_name>SAT KARTAR AGENCIES(C)</ac_name>
    <mailname>SAT KARTAR AGENCIES(C)                            </mailname>
    <group>SUNDRY DEBTORS                                    </group>
  </ACXML>
  <ACXML>
    <ac_id>885</ac_id>
    <ac_name>SHAM DASS SURJIT KUMAR(C)</ac_name>
    <mailname>SHAM DASS SURJIT KUMAR(C)                         </mailname>
    <group>SUNDRY DEBTORS                                    </group>
  </ACXML>
  <ACXML>
    <ac_id>886</ac_id>
    <ac_name>SHARMA ENTERPRISES(D)</ac_name>
    <mailname>SHARMA ENTERPRISES(D)                             </mailname>
    <group>SUNDRY DEBTORS                                    </group>
  </ACXML>
  <ACXML>
    <ac_id>887</ac_id>
    <ac_name>SHIV SHARAN DASS JUGVINDER PAL(D)</ac_name>
    <mailname>SHIV SHARAN DASS JUGVINDER PAL(D)                 </mailname>
    <group>SUNDRY DEBTORS                                    </group>
  </ACXML>
  <ACXML>
    <ac_id>888</ac_id>
    <ac_name>SHIV SONS MARKETING(C)</ac_name>
    <mailname>SHIV SONS MARKETING(C)                            </mailname>
    <group>SUNDRY DEBTORS                                    </group>
  </ACXML>
  <ACXML>
    <ac_id>889</ac_id>
    <ac_name>SHIVA TRADING CO.(C)</ac_name>
    <mailname>SHIVA TRADING CO.(C)                              </mailname>
    <group>SUNDRY DEBTORS                                    </group>
  </ACXML>
  <ACXML>
    <ac_id>890</ac_id>
    <ac_name>SHIVAM ENTERPRISES(D)</ac_name>
    <mailname>SHIVAM ENTERPRISES(D)                             </mailname>
    <group>SUNDRY DEBTORS                                    </group>
  </ACXML>
  <ACXML>
    <ac_id>891</ac_id>
    <ac_name>SHRI BALA JI FLOUR MILLS(C)</ac_name>
    <mailname>SHRI BALA JI FLOUR MILLS(C)                       </mailname>
    <group>SUNDRY DEBTORS                                    </group>
  </ACXML>
  <ACXML>
    <ac_id>892</ac_id>
    <ac_name>SOBHA SINGH GURCHARAN SINGH(B)</ac_name>
    <mailname>SOBHA SINGH GURCHARAN SINGH(B)                    </mailname>
    <group>SUNDRY DEBTORS                                    </group>
  </ACXML>
  <ACXML>
    <ac_id>893</ac_id>
    <ac_name>SURESH GENERAL STORE((C)</ac_name>
    <mailname>SURESH GENERAL STORE((C)                          </mailname>
    <group>SUNDRY DEBTORS                                    </group>
  </ACXML>
  <ACXML>
    <ac_id>894</ac_id>
    <ac_name>TARLOK CROCKRIES(D)</ac_name>
    <mailname>TARLOK CROCKRIES(D)                               </mailname>
    <group>SUNDRY DEBTORS                                    </group>
  </ACXML>
  <ACXML>
    <ac_id>895</ac_id>
    <ac_name>TONY GENERAL STORE(D)</ac_name>
    <mailname>TONY GENERAL STORE(D)                             </mailname>
    <group>SUNDRY DEBTORS                                    </group>
  </ACXML>
  <ACXML>
    <ac_id>896</ac_id>
    <ac_name>VINOD KUMAR VINAY KUMAR(D)</ac_name>
    <mailname>VINOD KUMAR VINAY KUMAR(D)                        </mailname>
    <group>SUNDRY DEBTORS                                    </group>
  </ACXML>
  <ACXML>
    <ac_id>897</ac_id>
    <ac_name>FAIR DEAL AGENCIES(C)</ac_name>
    <mailname>FAIR DEAL AGENCIES(C)                             </mailname>
    <group>SUNDRY DEBTORS                                    </group>
  </ACXML>
  <ACXML>
    <ac_id>898</ac_id>
    <ac_name>SAM ENTERPRISES</ac_name>
    <mailname>SAM ENTERPRISES                                   </mailname>
    <group>SUNDRY DEBTORS                                    </group>
  </ACXML>
  <ACXML>
    <ac_id>900</ac_id>
    <ac_name>ICICI BANK A/C</ac_name>
    <mailname>ICICI BANK A/C                                    </mailname>
    <group>CASH &amp; BANK BALANCES                              </group>
  </ACXML>
  <ACXML>
    <ac_id>901</ac_id>
    <ac_name>goyal agencies -D</ac_name>
    <mailname>goyal agencies -D                                 </mailname>
    <group>SUNDRY DEBTORS                                    </group>
  </ACXML>
  <ACXML>
    <ac_id>902</ac_id>
    <ac_name>hardyal santosh kr.-D</ac_name>
    <mailname>hardyal santosh kr.-D                             </mailname>
    <group>SUNDRY DEBTORS                                    </group>
  </ACXML>
  <ACXML>
    <ac_id>903</ac_id>
    <ac_name>PRIYESH AND CO. B</ac_name>
    <mailname>PRIYESH AND CO. B                                 </mailname>
    <group>SUNDRY DEBTORS                                    </group>
  </ACXML>
  <ACXML>
    <ac_id>904</ac_id>
    <ac_name>B D S AGENCIES   A</ac_name>
    <mailname>B D S AGENCIES   A                                </mailname>
    <group>SUNDRY DEBTORS                                    </group>
  </ACXML>
  <ACXML>
    <ac_id>905</ac_id>
    <ac_name>ASHOK KUMAR AND SONS</ac_name>
    <mailname>ASHOK KUMAR AND SONS                              </mailname>
    <group>SUNDRY DEBTORS                                    </group>
  </ACXML>
  <ACXML>
    <ac_id>906</ac_id>
    <ac_name>BHANOT TRADERS</ac_name>
    <mailname>BHANOT TRADERS                                    </mailname>
    <group>SUNDRY DEBTORS                                    </group>
  </ACXML>
  <ACXML>
    <ac_id>907</ac_id>
    <ac_name>B.D.S TRADING CO.  B</ac_name>
    <mailname>B.D.S TRADING CO.  B                              </mailname>
    <group>SUNDRY DEBTORS                                    </group>
  </ACXML>
  <ACXML>
    <ac_id>908</ac_id>
    <ac_name>ANAND AGENCIES  B</ac_name>
    <mailname>ANAND AGENCIES  B                                 </mailname>
    <group>SUNDRY DEBTORS                                    </group>
  </ACXML>
  <ACXML>
    <ac_id>909</ac_id>
    <ac_name>S.J.R ENTERPRISES  B</ac_name>
    <mailname>S.J.R ENTERPRISES  B                              </mailname>
    <group>SUNDRY DEBTORS                                    </group>
  </ACXML>
  <ACXML>
    <ac_id>910</ac_id>
    <ac_name>PIARA LAL UGGER SAIN</ac_name>
    <mailname>PIARA LAL UGGER SAIN                              </mailname>
    <group>SUNDRY DEBTORS                                    </group>
  </ACXML>
  <ACXML>
    <ac_id>911</ac_id>
    <ac_name>AMAR REMEDIES LTD</ac_name>
    <mailname>AMAR REMEDIES LTD                                 </mailname>
    <group>SUNDRY DEBTORS                                    </group>
  </ACXML>
  <ACXML>
    <ac_id>913</ac_id>
    <ac_name>JYOTI GENERAL STORE</ac_name>
    <mailname>JYOTI GENERAL STORE                               </mailname>
    <group>SUNDRY DEBTORS                                    </group>
  </ACXML>
  <ACXML>
    <ac_id>914</ac_id>
    <ac_name>SHUBHAM AGENCY</ac_name>
    <mailname>SHUBHAM AGENCY                                    </mailname>
    <group>SUNDRY DEBTORS                                    </group>
  </ACXML>
  <ACXML>
    <ac_id>915</ac_id>
    <ac_name>B.R.S TRADING CO</ac_name>
    <mailname>B.R.S TRADING CO                                  </mailname>
    <group>SUNDRY DEBTORS                                    </group>
  </ACXML>
  <ACXML>
    <ac_id>917</ac_id>
    <ac_name>J AND K SALES CORP</ac_name>
    <mailname>J AND K SALES CORP                                </mailname>
    <group>SUNDRY DEBTORS                                    </group>
  </ACXML>
  <ACXML>
    <ac_id>918</ac_id>
    <ac_name>KHANNA GENERAL STORE</ac_name>
    <mailname>KHANNA GENERAL STORE                              </mailname>
    <group>SUNDRY DEBTORS                                    </group>
  </ACXML>
  <ACXML>
    <ac_id>919</ac_id>
    <ac_name>MAHESH TRADERS</ac_name>
    <mailname>MAHESH TRADERS                                    </mailname>
    <group>SUNDRY DEBTORS                                    </group>
  </ACXML>
  <ACXML>
    <ac_id>920</ac_id>
    <ac_name>ved parkash sanjeev kumar</ac_name>
    <mailname>ved parkash sanjeev kumar                         </mailname>
    <group>SUNDRY DEBTORS                                    </group>
  </ACXML>
  <ACXML>
    <ac_id>921</ac_id>
    <ac_name>R.R.ENTERPRISES</ac_name>
    <mailname>R.R.ENTERPRISES                                   </mailname>
    <group>SUNDRY DEBTORS                                    </group>
  </ACXML>
  <ACXML>
    <ac_id>922</ac_id>
    <ac_name>NARINDER SALES CONF</ac_name>
    <mailname>NARINDER SALES CONF                               </mailname>
    <group>SUNDRY DEBTORS                                    </group>
  </ACXML>
  <ACXML>
    <ac_id>923</ac_id>
    <ac_name>SATPAL CHANDER MOHAN</ac_name>
    <mailname>SATPAL CHANDER MOHAN                              </mailname>
    <group>SUNDRY DEBTORS                                    </group>
  </ACXML>
  <ACXML>
    <ac_id>924</ac_id>
    <ac_name>ROHIT  TRADERS</ac_name>
    <mailname>ROHIT  TRADERS                                    </mailname>
    <group>SUNDRY DEBTORS                                    </group>
  </ACXML>
  <ACXML>
    <ac_id>925</ac_id>
    <ac_name>KRISH TRADING CO(J)</ac_name>
    <mailname>KRISH TRADING CO(J)                               </mailname>
    <group>SUNDRY DEBTORS                                    </group>
  </ACXML>
  <ACXML>
    <ac_id>927</ac_id>
    <ac_name>GARG TRADERS(BHATINDA)</ac_name>
    <mailname>GARG TRADERS(BHATINDA)                            </mailname>
    <group>SUNDRY DEBTORS                                    </group>
  </ACXML>
  <ACXML>
    <ac_id>928</ac_id>
    <ac_name>DURGA AGENCY</ac_name>
    <mailname>DURGA AGENCY                                      </mailname>
    <group>SUNDRY DEBTORS                                    </group>
  </ACXML>
  <ACXML>
    <ac_id>929</ac_id>
    <ac_name>A.S. TRADING CO.</ac_name>
    <mailname>A.S. TRADING CO.</mailname>
    <group>SUNDRY DEBTORS</group>
  </ACXML>
  <ACXML>
    <ac_id>930</ac_id>
    <ac_name>BEAUTY CENTRE</ac_name>
    <mailname>BEAUTY CENTRE                                     </mailname>
    <group>SUNDRY DEBTORS                                    </group>
  </ACXML>
  <ACXML>
    <ac_id>931</ac_id>
    <ac_name>GUPTA ENTERPRISES</ac_name>
    <mailname>GUPTA ENTERPRISES                                 </mailname>
    <group>SUNDRY DEBTORS                                    </group>
  </ACXML>
  <ACXML>
    <ac_id>932</ac_id>
    <ac_name>Discounts</ac_name>
    <mailname>Discounts                                         </mailname>
    <group>EXPENSE                                           </group>
  </ACXML>
  <ACXML>
    <ac_id>933</ac_id>
    <ac_name>MITTAL TRADERS</ac_name>
    <mailname>MITTAL TRADERS                                    </mailname>
    <group>SUNDRY DEBTORS                                    </group>
  </ACXML>
  <ACXML>
    <ac_id>934</ac_id>
    <ac_name>Amar Remedies Ltd. (JAMMU)</ac_name>
    <mailname>Amar Remedies Ltd. (JAMMU)                        </mailname>
    <group>SUNDRY DEBTORS                                    </group>
  </ACXML>
  <ACXML>
    <ac_id>935</ac_id>
    <ac_name>ICICI C.C.A/c.000451000442</ac_name>
    <mailname>ICICI C.C.A/c.000451000442                        </mailname>
    <group>CASH &amp; BANK BALANCES                              </group>
  </ACXML>
  <ACXML>
    <ac_id>936</ac_id>
    <ac_name>Bank charges</ac_name>
    <mailname>Bank charges                                      </mailname>
    <group>EXPENSE                                           </group>
  </ACXML>
  <ACXML>
    <ac_id>937</ac_id>
    <ac_name>RAGHUNATH TRADERS</ac_name>
    <mailname>RAGHUNATH TRADERS                                 </mailname>
    <group>SUNDRY DEBTORS                                    </group>
  </ACXML>
  <ACXML>
    <ac_id>938</ac_id>
    <ac_name>KAUSHAL CONFECTIONERS</ac_name>
    <mailname>KAUSHAL CONFECTIONERS                             </mailname>
    <group>SUNDRY DEBTORS                                    </group>
  </ACXML>
  <ACXML>
    <ac_id>940</ac_id>
    <ac_name>RAGHUBIR SHARMA AND CO.</ac_name>
    <mailname>RAGHUBIR SHARMA AND CO.                           </mailname>
    <group>SUNDRY DEBTORS                                    </group>
  </ACXML>
  <ACXML>
    <ac_id>941</ac_id>
    <ac_name>MAKKAR GENERAL STORE</ac_name>
    <mailname>MAKKAR GENERAL STORE                              </mailname>
    <group>SUNDRY DEBTORS                                    </group>
  </ACXML>
  <ACXML>
    <ac_id>942</ac_id>
    <ac_name>S.C.H.R. VERITY STORE</ac_name>
    <mailname>S.C.H.R. VERITY STORE                             </mailname>
    <group>SUNDRY DEBTORS                                    </group>
  </ACXML>
  <ACXML>
    <ac_id>943</ac_id>
    <ac_name>GURDIAL GENERAL STORE</ac_name>
    <mailname>GURDIAL GENERAL STORE                             </mailname>
    <group>SUNDRY DEBTORS                                    </group>
  </ACXML>
  <ACXML>
    <ac_id>944</ac_id>
    <ac_name>Amar Remedies Ltd. (H.P.)</ac_name>
    <mailname>Amar Remedies Ltd. (H.P.)                         </mailname>
    <group>SUNDRY DEBTORS                                    </group>
  </ACXML>
  <ACXML>
    <ac_id>945</ac_id>
    <ac_name>SACHDEVA GENERAL STORE</ac_name>
    <mailname>SACHDEVA GENERAL STORE                            </mailname>
    <group>SUNDRY DEBTORS                                    </group>
  </ACXML>
  <ACXML>
    <ac_id>946</ac_id>
    <ac_name>NARINDRA TRADERS</ac_name>
    <mailname>NARINDRA TRADERS                                  </mailname>
    <group>SUNDRY DEBTORS                                    </group>
  </ACXML>
  <ACXML>
    <ac_id>947</ac_id>
    <ac_name>R.G.M. ENTERPRISES</ac_name>
    <mailname>R.G.M. ENTERPRISES                                </mailname>
    <group>SUNDRY DEBTORS                                    </group>
  </ACXML>
  <ACXML>
    <ac_id>948</ac_id>
    <ac_name>ASHOKA ELECTRICAL</ac_name>
    <mailname>ASHOKA ELECTRICAL                                 </mailname>
    <group>SUNDRY DEBTORS                                    </group>
  </ACXML>
  <ACXML>
    <ac_id>949</ac_id>
    <ac_name>GROVER ENTERPRISES</ac_name>
    <mailname>GROVER ENTERPRISES                                </mailname>
    <group>SUNDRY DEBTORS                                    </group>
  </ACXML>
  <ACXML>
    <ac_id>950</ac_id>
    <ac_name>NARANG TRADING CO.</ac_name>
    <mailname>NARANG TRADING CO.                                </mailname>
    <group>SUNDRY DEBTORS                                    </group>
  </ACXML>
  <ACXML>
    <ac_id>951</ac_id>
    <ac_name>GURKIRPA  TRADERS</ac_name>
    <mailname>GURKIRPA  TRADERS                                 </mailname>
    <group>SUNDRY DEBTORS                                    </group>
  </ACXML>
  <ACXML>
    <ac_id>952</ac_id>
    <ac_name>VAISHNVI ENTERPRISES</ac_name>
    <mailname>VAISHNVI ENTERPRISES                              </mailname>
    <group>SUNDRY DEBTORS                                    </group>
  </ACXML>
  <ACXML>
    <ac_id>953</ac_id>
    <ac_name>PUNEET GIFT CENTER</ac_name>
    <mailname>PUNEET GIFT CENTER                                </mailname>
    <group>SUNDRY DEBTORS                                    </group>
  </ACXML>
  <ACXML>
    <ac_id>954</ac_id>
    <ac_name>suspense</ac_name>
    <mailname>suspense                                          </mailname>
    <group>SUNDRY DEBTORS                                    </group>
  </ACXML>
  <ACXML>
    <ac_id>955</ac_id>
    <ac_name>AMAN GENERAL STORE</ac_name>
    <mailname>AMAN GENERAL STORE                                </mailname>
    <group>SUNDRY DEBTORS                                    </group>
  </ACXML>
  <ACXML>
    <ac_id>956</ac_id>
    <ac_name>V.B. TRADING CO.</ac_name>
    <mailname>V.B. TRADING CO.                                  </mailname>
    <group>SUNDRY DEBTORS                                    </group>
  </ACXML>
  <ACXML>
    <ac_id>957</ac_id>
    <ac_name>AMAR REMEDIES LTD. [KERALA]</ac_name>
    <mailname>AMAR REMEDIES LTD. [KERALA]                       </mailname>
    <group>SUNDRY DEBTORS                                    </group>
  </ACXML>
  <ACXML>
    <ac_id>958</ac_id>
    <ac_name>Aggarwal Foods</ac_name>
    <mailname>Aggarwal Foods                                    </mailname>
    <group>SUNDRY DEBTORS                                    </group>
  </ACXML>
  <ACXML>
    <ac_id>959</ac_id>
    <ac_name>RAJESH KUMAR RAJAT KUMAR AND SONS</ac_name>
    <mailname>RAJESH KUMAR RAJAT KUMAR AND SONS                 </mailname>
    <group>SUNDRY DEBTORS                                    </group>
  </ACXML>
  <ACXML>
    <ac_id>960</ac_id>
    <ac_name>Amar Remedies Ltd. (Unit 3)</ac_name>
    <mailname>Amar Remedies Ltd. (Unit 3)                       </mailname>
    <group>SUNDRY DEBTORS                                    </group>
  </ACXML>
  <ACXML>
    <ac_id>961</ac_id>
    <ac_name>SHREE GANESH SALES CORPORATION</ac_name>
    <mailname>SHREE GANESH SALES CORPORATION                    </mailname>
    <group>SUNDRY DEBTORS                                    </group>
  </ACXML>
  <ACXML>
    <ac_id>962</ac_id>
    <ac_name>KATHURIA ENTERPRISES</ac_name>
    <mailname>KATHURIA ENTERPRISES                              </mailname>
    <group>SUNDRY DEBTORS                                    </group>
  </ACXML>
  <ACXML>
    <ac_id>963</ac_id>
    <ac_name>AMAR REMEDIES LTD.(DELHI)</ac_name>
    <mailname>AMAR REMEDIES LTD.(DELHI)                         </mailname>
    <group>SUNDRY DEBTORS                                    </group>
  </ACXML>
  <ACXML>
    <ac_id>964</ac_id>
    <ac_name>KRISHANA GENERAL STORE</ac_name>
    <mailname>KRISHANA GENERAL STORE                            </mailname>
    <group>SUNDRY DEBTORS                                    </group>
  </ACXML>
  <ACXML>
    <ac_id>965</ac_id>
    <ac_name>SALUJA TRADERS</ac_name>
    <mailname>SALUJA TRADERS                                    </mailname>
    <group>SUNDRY DEBTORS                                    </group>
  </ACXML>
  <ACXML>
    <ac_id>966</ac_id>
    <ac_name>Amritsaria Mal Gopal Krishan</ac_name>
    <mailname>Amritsaria Mal Gopal Krishan                      </mailname>
    <group>SUNDRY DEBTORS                                    </group>
  </ACXML>
  <ACXML>
    <ac_id>967</ac_id>
    <ac_name>R.K TRADERS</ac_name>
    <mailname>R.K TRADERS                                       </mailname>
    <group>SUNDRY DEBTORS                                    </group>
  </ACXML>
  <ACXML>
    <ac_id>968</ac_id>
    <ac_name>Shri Anand Book Depot</ac_name>
    <mailname>Shri Anand Book Depot and General Store           </mailname>
    <group>SUNDRY DEBTORS                                    </group>
  </ACXML>
  <ACXML>
    <ac_id>969</ac_id>
    <ac_name>BHARTI WAL MART PVT. LTD.</ac_name>
    <mailname>BHARTI WAL MART PVT. LTD.                         </mailname>
    <group>SUNDRY DEBTORS                                    </group>
  </ACXML>
  <ACXML>
    <ac_id>970</ac_id>
    <ac_name>DIMPAL CONFECTIONERY STORE</ac_name>
    <mailname>DIMPAL CONFECTIONERY STORE                        </mailname>
    <group>SUNDRY DEBTORS                                    </group>
  </ACXML>
  <ACXML>
    <ac_id>971</ac_id>
    <ac_name>NEERU TRADING CO.</ac_name>
    <mailname>NEERU TRADING CO.                                 </mailname>
    <group>SUNDRY DEBTORS                                    </group>
  </ACXML>
  <ACXML>
    <ac_id>972</ac_id>
    <ac_name>GAGGAN TRADERS</ac_name>
    <mailname>GAGGAN TRADERS                                    </mailname>
    <group>SUNDRY DEBTORS                                    </group>
  </ACXML>
  <ACXML>
    <ac_id>974</ac_id>
    <ac_name>JAGDAMBAY TRADERS</ac_name>
    <mailname>JAGDAMBAY TRADERS                                 </mailname>
    <group>SUNDRY DEBTORS                                    </group>
  </ACXML>
  <ACXML>
    <ac_id>975</ac_id>
    <ac_name>HONEY ENTERPISES</ac_name>
    <mailname>HONEY ENTERPISES                                  </mailname>
    <group>SUNDRY DEBTORS                                    </group>
  </ACXML>
  <ACXML>
    <ac_id>976</ac_id>
    <ac_name>SALES PROMOTION</ac_name>
    <mailname>SALES PROMOTION                                   </mailname>
    <group>EXPENSE                                           </group>
  </ACXML>
  <ACXML>
    <ac_id>977</ac_id>
    <ac_name>PARDEEP TRADERS</ac_name>
    <mailname>PARDEEP TRDERS                                    </mailname>
    <group>SUNDRY DEBTORS                                    </group>
  </ACXML>
  <ACXML>
    <ac_id>978</ac_id>
    <ac_name>Krish Trading Company</ac_name>
    <mailname>Krish Trading Company                             </mailname>
    <group>SUNDRY DEBTORS                                    </group>
  </ACXML>
  <ACXML>
    <ac_id>979</ac_id>
    <ac_name>Cheque Return Charges</ac_name>
    <mailname>Cheque Return Charges                             </mailname>
    <group>EXPENSE                                           </group>
  </ACXML>
  <ACXML>
    <ac_id>980</ac_id>
    <ac_name>DURGA AGENCIES</ac_name>
    <mailname>DURGA AGENCIES                                    </mailname>
    <group>SUNDRY DEBTORS                                    </group>
  </ACXML>
  <ACXML>
    <ac_id>981</ac_id>
    <ac_name>goyal agencies</ac_name>
    <mailname>goyal agencies                                    </mailname>
    <group>SUNDRY DEBTORS                                    </group>
  </ACXML>
  <ACXML>
    <ac_id>982</ac_id>
    <ac_name>S.K. Aggarwal and Sons</ac_name>
    <mailname>S.K. Aggarwal and Sons                            </mailname>
    <group>SUNDRY DEBTORS                                    </group>
  </ACXML>
  <ACXML>
    <ac_id>983</ac_id>
    <ac_name>Sood General Store</ac_name>
    <mailname>Sood General Store                                </mailname>
    <group>SUNDRY DEBTORS                                    </group>
  </ACXML>
  <ACXML>
    <ac_id>984</ac_id>
    <ac_name>RAJINDER KUMAR DEVINDER KUMAR</ac_name>
    <mailname>RAJINDER KUMAR DEVINDER KUMAR                     </mailname>
    <group>SUNDRY DEBTORS                                    </group>
  </ACXML>
  <ACXML>
    <ac_id>985</ac_id>
    <ac_name>Parmod Kumar Rohan Kumar</ac_name>
    <mailname>Parmod Kumar Rohan Kumar                          </mailname>
    <group>SUNDRY DEBTORS                                    </group>
  </ACXML>
  <ACXML>
    <ac_id>986</ac_id>
    <ac_name>BANSAL TRADERS</ac_name>
    <mailname>BANSAL AGENCY                                     </mailname>
    <group>SUNDRY DEBTORS                                    </group>
  </ACXML>
  <ACXML>
    <ac_id>987</ac_id>
    <ac_name>DIAMOND ELECTRIC TRADING CO.</ac_name>
    <mailname>DIAMOND ELECTRIC TRADING CO.                      </mailname>
    <group>SUNDRY DEBTORS                                    </group>
  </ACXML>
  <ACXML>
    <ac_id>988</ac_id>
    <ac_name>SHARMA KARIYANA STORE</ac_name>
    <mailname>SHARMA KARIYANA STORE                             </mailname>
    <group>SUNDRY DEBTORS                                    </group>
  </ACXML>
  <ACXML>
    <ac_id>989</ac_id>
    <ac_name>VINOD FEEDS AND KARYANA STORE</ac_name>
    <mailname>VINOD FEEDS AND KARYANA STORE                     </mailname>
    <group>SUNDRY DEBTORS                                    </group>
  </ACXML>
  <ACXML>
    <ac_id>990</ac_id>
    <ac_name>PANTALOON RETAIL (INDIA) LIMITED</ac_name>
    <mailname>PANTALOON RETAIL (INDIA) LIMITED                  </mailname>
    <group>SUNDRY DEBTORS                                    </group>
  </ACXML>
  <ACXML>
    <ac_id>991</ac_id>
    <ac_name>Jai Durga Trading</ac_name>
    <mailname>Jai Durga Trading                                 </mailname>
    <group>SUNDRY DEBTORS                                    </group>
  </ACXML>
  <ACXML>
    <ac_id>992</ac_id>
    <ac_name>RANJIT GENERAL STORE</ac_name>
    <mailname>RANJIT GENERAL STORE                              </mailname>
    <group>SUNDRY DEBTORS                                    </group>
  </ACXML>
  <ACXML>
    <ac_id>993</ac_id>
    <ac_name>S.S ENTERPRISES</ac_name>
    <mailname>S.S ENTERPRISES                                   </mailname>
    <group>SUNDRY DEBTORS                                    </group>
  </ACXML>
  <ACXML>
    <ac_id>994</ac_id>
    <ac_name>JAIN TRADING CO.</ac_name>
    <mailname>JAIN TRADING CO.                                  </mailname>
    <group>SUNDRY DEBTORS                                    </group>
  </ACXML>
  <ACXML>
    <ac_id>995</ac_id>
    <ac_name>ASHWANI TRADERS</ac_name>
    <mailname>ASHWANI TRADERS                                   </mailname>
    <group>SUNDRY DEBTORS                                    </group>
  </ACXML>
  <ACXML>
    <ac_id>996</ac_id>
    <ac_name>DOGRA COLD DRINKS STORE</ac_name>
    <mailname>DOGRA COLD DRINKS STORE                           </mailname>
    <group>SUNDRY DEBTORS                                    </group>
  </ACXML>
  <ACXML>
    <ac_id>997</ac_id>
    <ac_name>SOHNA  TRADING  CO.</ac_name>
    <mailname>SOHNA  TRADING  CO.                               </mailname>
    <group>SUNDRY DEBTORS                                    </group>
  </ACXML>
  <ACXML>
    <ac_id>998</ac_id>
    <ac_name>N.N. TRADING CO.</ac_name>
    <mailname>N.N. TRADING CO.                                  </mailname>
    <group>SUNDRY DEBTORS                                    </group>
  </ACXML>
  <ACXML>
    <ac_id>999</ac_id>
    <ac_name>Rajasthan Patrika Pvt. Ltd.</ac_name>
    <mailname>Rajasthan Patrika Pvt. Ltd.                       </mailname>
    <group>SUNDRY DEBTORS                                    </group>
  </ACXML>
  <ACXML>
    <ac_id>1000</ac_id>
    <ac_name>Amar Remedies Ltd. (haryana)</ac_name>
    <mailname>Amar Remedies Ltd. (haryana)                      </mailname>
    <group>SUNDRY DEBTORS                                    </group>
  </ACXML>
  <ACXML>
    <ac_id>1001</ac_id>
    <ac_name>HARSH TARUN TRADING CO</ac_name>
    <mailname>HARSH TARUN TRADING CO                            </mailname>
    <group>SUNDRY DEBTORS                                    </group>
  </ACXML>
  <ACXML>
    <ac_id>1002</ac_id>
    <ac_name>P M AGENCY (Chandigarh)</ac_name>
    <mailname>P M AGENCY (Chandigarh)                           </mailname>
    <group>SUNDRY DEBTORS                                    </group>
  </ACXML>
  <ACXML>
    <ac_id>1003</ac_id>
    <ac_name>Anshul Sales Agencies</ac_name>
    <mailname>Anshul Sales Agencies                             </mailname>
    <group>SUNDRY DEBTORS                                    </group>
  </ACXML>
  <ACXML>
    <ac_id>1004</ac_id>
    <ac_name>Mahajan Pansari and Fruit</ac_name>
    <mailname>Mahajan Pansari and Fruit                         </mailname>
    <group>SUNDRY DEBTORS                                    </group>
  </ACXML>
  <ACXML>
    <ac_id>1005</ac_id>
    <ac_name>Manchanda Traders</ac_name>
    <mailname>Manchanda Traders                                 </mailname>
    <group>SUNDRY DEBTORS                                    </group>
  </ACXML>
  <ACXML>
    <ac_id>1006</ac_id>
    <ac_name>R.T.U. TRADING CO.</ac_name>
    <mailname>R.T.U. TRADING CO.                                </mailname>
    <group>SUNDRY DEBTORS                                    </group>
  </ACXML>
  <ACXML>
    <ac_id>1007</ac_id>
    <ac_name>Amar Remedies Ltd. ( Rajasthan)</ac_name>
    <mailname>Amar Remedies Ltd. ( Rajasthan)                   </mailname>
    <group>SUNDRY DEBTORS                                    </group>
  </ACXML>
  <ACXML>
    <ac_id>1008</ac_id>
    <ac_name>VERMA MARKETING AGENCY</ac_name>
    <mailname>VERMA MARKETING AGENCY                            </mailname>
    <group>SUNDRY DEBTORS                                    </group>
  </ACXML>
  <ACXML>
    <ac_id>1009</ac_id>
    <ac_name>RATE DIFFERENCE</ac_name>
    <mailname>RATE DIFFERENCE                                   </mailname>
    <group>EXPENSE                                           </group>
  </ACXML>
  <ACXML>
    <ac_id>1011</ac_id>
    <ac_name>Goyal Agencies (Kot)</ac_name>
    <mailname>Goyal Agencies (Kot)                              </mailname>
    <group>SUNDRY DEBTORS                                    </group>
  </ACXML>
  <ACXML>
    <ac_id>1012</ac_id>
    <ac_name>RIA SALES</ac_name>
    <mailname>RIA SALES                                         </mailname>
    <group>SUNDRY DEBTORS                                    </group>
  </ACXML>
  <ACXML>
    <ac_id>1013</ac_id>
    <ac_name>S.S Trading Co</ac_name>
    <mailname>S.S Trading Co                                    </mailname>
    <group>SUNDRY DEBTORS                                    </group>
  </ACXML>
  <ACXML>
    <ac_id>1014</ac_id>
    <ac_name>HARE KRISHNA ENTERPRISES</ac_name>
    <mailname>HARE KRISHNA ENTERPRISES                          </mailname>
    <group>SUNDRY DEBTORS                                    </group>
  </ACXML>
  <ACXML>
    <ac_id>1015</ac_id>
    <ac_name>AMAR REMEIDES LIMITED (DD)</ac_name>
    <mailname>AMAR REMEIDES LIMITED (DD)                        </mailname>
    <group>SUNDRY CREDITORS                                  </group>
  </ACXML>
  <ACXML>
    <ac_id>1016</ac_id>
    <ac_name>AMAR REMEIDES LIMITED (Daman)</ac_name>
    <mailname>AMAR REMEIDES LIMITED (Daman)                     </mailname>
    <group>SUNDRY CREDITORS                                  </group>
  </ACXML>
  <ACXML>
    <ac_id>1017</ac_id>
    <ac_name>PAWAN KARYANA STORE</ac_name>
    <mailname>PAWAN KARYANA STORE                               </mailname>
    <group>SUNDRY DEBTORS                                    </group>
  </ACXML>
  <ACXML>
    <ac_id>1018</ac_id>
    <ac_name>JAI LAKSHMI TRADERS</ac_name>
    <mailname>JAI LAKSHMI TRADERS                               </mailname>
    <group>SUNDRY DEBTORS                                    </group>
  </ACXML>
  <ACXML>
    <ac_id>1019</ac_id>
    <ac_name>B.R FASHIONERS</ac_name>
    <mailname>B.R FASHIONERS                                    </mailname>
    <group>SUNDRY DEBTORS                                    </group>
  </ACXML>
  <ACXML>
    <ac_id>1020</ac_id>
    <ac_name>SHIV SHAKTI ENTERPRISES</ac_name>
    <mailname>SHIV SHAKTI ENTERPRISES                           </mailname>
    <group>SUNDRY DEBTORS                                    </group>
  </ACXML>
  <ACXML>
    <ac_id>1021</ac_id>
    <ac_name>KRISHANA GOVERDHAN TEA KARYANA MERCHANTS</ac_name>
    <mailname>KRISHANA GOVERDHAN TEA KARYANA MERCHANTS          </mailname>
    <group>SUNDRY DEBTORS                                    </group>
  </ACXML>
  <ACXML>
    <ac_id>1023</ac_id>
    <ac_name>Papular Provision  Store</ac_name>
    <mailname>Papular Provision  Store                          </mailname>
    <group>SUNDRY DEBTORS                                    </group>
  </ACXML>
  <ACXML>
    <ac_id>1024</ac_id>
    <ac_name>GURNANAK TRADING CO</ac_name>
    <mailname>GURNANAK TRADING CO                               </mailname>
    <group>SUNDRY DEBTORS                                    </group>
  </ACXML>
  <ACXML>
    <ac_id>1025</ac_id>
    <ac_name>ARORA TRADING CO</ac_name>
    <mailname>ARORA TRADING CO                                  </mailname>
    <group>SUNDRY DEBTORS                                    </group>
  </ACXML>
  <ACXML>
    <ac_id>1027</ac_id>
    <ac_name>GOYAL TRADERS(Mullanpur)</ac_name>
    <mailname>GOYAL TRADERS(Mullanpur)                          </mailname>
    <group>SUNDRY DEBTORS                                    </group>
  </ACXML>
  <ACXML>
    <ac_id>1028</ac_id>
    <ac_name>SUNNY ENTERPRISES</ac_name>
    <mailname>SUNNY ENTERPRISES                                 </mailname>
    <group>SUNDRY DEBTORS                                    </group>
  </ACXML>
  <ACXML>
    <ac_id>1029</ac_id>
    <ac_name>FASHION CENTER</ac_name>
    <mailname>FASHION CENTER                                    </mailname>
    <group>SUNDRY DEBTORS                                    </group>
  </ACXML>
  <ACXML>
    <ac_id>1030</ac_id>
    <ac_name>R.B BROTHERS</ac_name>
    <mailname>R.B BROTHERS                                      </mailname>
    <group>SUNDRY DEBTORS                                    </group>
  </ACXML>
  <ACXML>
    <ac_id>1031</ac_id>
    <ac_name>RAMU KARYANA STORE</ac_name>
    <mailname>RAMU KARYANA STORE                                </mailname>
    <group>SUNDRY DEBTORS                                    </group>
  </ACXML>
  <ACXML>
    <ac_id>1032</ac_id>
    <ac_name>R.S TRADERS</ac_name>
    <mailname>R.S TRADERS                                       </mailname>
    <group>SUNDRY DEBTORS                                    </group>
  </ACXML>
  <ACXML>
    <ac_id>1033</ac_id>
    <ac_name>S J ENTERPRISES</ac_name>
    <mailname>S J ENTERPRISES                                   </mailname>
    <group>SUNDRY DEBTORS                                    </group>
  </ACXML>
  <ACXML>
    <ac_id>1034</ac_id>
    <ac_name>DALI RAM MELA RAM</ac_name>
    <mailname>DALI RAM MELA RAM                                 </mailname>
    <group>SUNDRY DEBTORS                                    </group>
  </ACXML>
  <ACXML>
    <ac_id>1035</ac_id>
    <ac_name>AMAR REMEDIES LTD (Mumbai)</ac_name>
    <mailname>AMAR REMEDIES LTD (Mumbai)                        </mailname>
    <group>SUNDRY DEBTORS                                    </group>
  </ACXML>
  <ACXML>
    <ac_id>1037</ac_id>
    <ac_name>CASH IN HAND                       </ac_name>
    <mailname>CASH IN HAND                       </mailname>
    <group>CASH &amp; BANK BALANCES               </group>
  </ACXML>
  <ACXML>
    <ac_id>1038</ac_id>
    <ac_name>CLOSING STOCK (P &amp; L)              </ac_name>
    <mailname>CLOSING STOCK (P &amp; L)              </mailname>
    <group>TRADING INCOME                     </group>
  </ACXML>
  <ACXML>
    <ac_id>1039</ac_id>
    <ac_name>SELLING EXPENSES                   </ac_name>
    <mailname>SELLING EXPENSES                   </mailname>
    <group>EXPENSE                            </group>
  </ACXML>
  <ACXML>
    <ac_id>1040</ac_id>
    <ac_name>DEPRECIATION                       </ac_name>
    <mailname>DEPRECIATION                       </mailname>
    <group>EXPENSE                            </group>
  </ACXML>
  <ACXML>
    <ac_id>1042</ac_id>
    <ac_name>SALES TAX A/C.                     </ac_name>
    <mailname>SALES TAX A/C.                     </mailname>
    <group>EXPENSE                            </group>
  </ACXML>
  <ACXML>
    <ac_id>1043</ac_id>
    <ac_name>OPENING STOCK                      </ac_name>
    <mailname>OPENING STOCK                      </mailname>
    <group>TRADING EXPENSE</group>
  </ACXML>
  <ACXML>
    <ac_id>1044</ac_id>
    <ac_name>OPENING BALANCES                   </ac_name>
    <mailname>OPENING BALANCES                   </mailname>
    <group>ASSETS                             </group>
  </ACXML>
  <ACXML>
    <ac_id>1045</ac_id>
    <ac_name>PROVISIONAL EXPENSES               </ac_name>
    <mailname>PROVISIONAL EXPENSES               </mailname>
    <group>CURRENT LIABILITIES &amp; PROVISIONS   </group>
  </ACXML>
  <ACXML>
    <ac_id>1046</ac_id>
    <ac_name>PROVISIONAL EXPENSES (P &amp; L)       </ac_name>
    <mailname>PROVISIONAL EXPENSES (P &amp; L)       </mailname>
    <group>EXPENSE                            </group>
  </ACXML>
  <ACXML>
    <ac_id>1047</ac_id>
    <ac_name>PETTY CASH BOOK                    </ac_name>
    <mailname>PETTY CASH BOOK                    </mailname>
    <group>PETTY CASH                         </group>
  </ACXML>
  <ACXML>
    <ac_id>1048</ac_id>
    <ac_name>TAX DEDUCTED AT SOURCE (PAYABLE)   </ac_name>
    <mailname>TAX DEDUCTED AT SOURCE (PAYABLE)   </mailname>
    <group>EXPENSE                            </group>
  </ACXML>
  <ACXML>
    <ac_id>1049</ac_id>
    <ac_name>DISCOUNT (BILLS)                   </ac_name>
    <mailname>DISCOUNT (BILLS)                   </mailname>
    <group>EXPENSE                            </group>
  </ACXML>
  <ACXML>
    <ac_id>1051</ac_id>
    <ac_name>POSTAGE &amp; TELEGRAPH                </ac_name>
    <mailname>POSTAGE &amp; TELEGRAPH                </mailname>
    <group>EXPENSE                            </group>
  </ACXML>
  <ACXML>
    <ac_id>1052</ac_id>
    <ac_name>PRINTING &amp; STATIONERY              </ac_name>
    <mailname>PRINTING &amp; STATIONERY              </mailname>
    <group>EXPENSE                            </group>
  </ACXML>
  <ACXML>
    <ac_id>1053</ac_id>
    <ac_name>BALANCE WITH B1-BOND               </ac_name>
    <mailname>BALANCE WITH B1-BOND               </mailname>
    <group>CURRENT ASSETS/LOANS &amp; ADVANCES    </group>
  </ACXML>
  <ACXML>
    <ac_id>1054</ac_id>
    <ac_name>BALANCE WITH EXCISE CESS           </ac_name>
    <mailname>BALANCE WITH EXCISE CESS           </mailname>
    <group>CURRENT ASSETS/LOANS &amp; ADVANCES    </group>
  </ACXML>
  <ACXML>
    <ac_id>1055</ac_id>
    <ac_name>BALANCE WITH EXCISE PLA            </ac_name>
    <mailname>BALANCE WITH EXCISE PLA            </mailname>
    <group>CURRENT ASSETS/LOANS &amp; ADVANCES    </group>
  </ACXML>
  <ACXML>
    <ac_id>1056</ac_id>
    <ac_name>BALANCE WITH EXCISE RG23A</ac_name>
    <mailname>BALANCE WITH EXCISE RG23A</mailname>
    <group>CURRENT ASSETS/LOANS &amp; ADVANCES    </group>
  </ACXML>
  <ACXML>
    <ac_id>1057</ac_id>
    <ac_name>BALANCE WITH EXCISE RG23C</ac_name>
    <mailname>BALANCE WITH EXCISE RG23C</mailname>
    <group>CURRENT ASSETS/LOANS &amp; ADVANCES    </group>
  </ACXML>
  <ACXML>
    <ac_id>1058</ac_id>
    <ac_name>BALANCE WITH RULE 173H A/C.        </ac_name>
    <mailname>BALANCE WITH RULE 173H A/C.        </mailname>
    <group>CURRENT ASSETS/LOANS &amp; ADVANCES    </group>
  </ACXML>
  <ACXML>
    <ac_id>1059</ac_id>
    <ac_name>EXCISE ACCOUNT                     </ac_name>
    <mailname>EXCISE ACCOUNT                     </mailname>
    <group>LIABILITIES                        </group>
  </ACXML>
  <ACXML>
    <ac_id>1060</ac_id>
    <ac_name>INVESTMENT ALLOWANCE RESERVE       </ac_name>
    <mailname>INVESTMENT ALLOWANCE RESERVE       </mailname>
    <group>LIABILITIES                        </group>
  </ACXML>
  <ACXML>
    <ac_id>1061</ac_id>
    <ac_name>OUTPUT FROM PRODUCTION             </ac_name>
    <mailname>OUTPUT FROM PRODUCTION             </mailname>
    <group>CREDITORS FOR EXPENSES             </group>
  </ACXML>
  <ACXML>
    <ac_id>1062</ac_id>
    <ac_name>USE FOR PRODUCTION                 </ac_name>
    <mailname>USE FOR PRODUCTION                 </mailname>
    <group>CREDITORS FOR GOODS                </group>
  </ACXML>
  <ACXML>
    <ac_id>1063</ac_id>
    <ac_name>WORK IN PROGRESS ISSUE             </ac_name>
    <mailname>WORK IN PROGRESS ISSUE             </mailname>
    <group>CREDITORS FOR EXPENSES             </group>
  </ACXML>
  <ACXML>
    <ac_id>1064</ac_id>
    <ac_name>WORK IN PROGRESS RECEIPT                          </ac_name>
    <mailname>WORK IN PROGRESS RECEIPT                          </mailname>
    <group>CREDITORS FOR GOODS                               </group>
  </ACXML>
  <ACXML>
    <ac_id>1065</ac_id>
    <ac_name>EXCISE CAPITAL GOODS PAYABLE A/C   </ac_name>
    <mailname>EXCISE CAPITAL GOODS PAYABLE A/C   </mailname>
    <group>CURRENT ASSETS/LOANS &amp; ADVANCES    </group>
  </ACXML>
  <ACXML>
    <ac_id>1066</ac_id>
    <ac_name>BALANCE WITH EXCISE AED RG23A</ac_name>
    <mailname>BALANCE WITH EXCISE AED RG23A</mailname>
    <group>CURRENT ASSETS/LOANS &amp; ADVANCES    </group>
  </ACXML>
  <ACXML>
    <ac_id>1067</ac_id>
    <ac_name>BALANCE WITH EXCISE AED PLA    </ac_name>
    <mailname>BALANCE WITH EXCISE AED PLA    </mailname>
    <group>CURRENT ASSETS/LOANS &amp; ADVANCES    </group>
  </ACXML>
  <ACXML>
    <ac_id>1068</ac_id>
    <ac_name>BALANCE WITH EXCISE NCCD RG23A</ac_name>
    <mailname>BALANCE WITH EXCISE NCCD RG23A</mailname>
    <group>CURRENT ASSETS/LOANS &amp; ADVANCES    </group>
  </ACXML>
  <ACXML>
    <ac_id>1069</ac_id>
    <ac_name>BALANCE WITH EXCISE NCCD PLA</ac_name>
    <mailname>BALANCE WITH EXCISE NCCD PLA</mailname>
    <group>CURRENT ASSETS/LOANS &amp; ADVANCES    </group>
  </ACXML>
  <ACXML>
    <ac_id>1070</ac_id>
    <ac_name>BALANCE WITH EXCISE SED RG23A</ac_name>
    <mailname>BALANCE WITH EXCISE SED RG23A</mailname>
    <group>CURRENT ASSETS/LOANS &amp; ADVANCES    </group>
  </ACXML>
  <ACXML>
    <ac_id>1071</ac_id>
    <ac_name>BALANCE WITH EXCISE TNTA RG23A</ac_name>
    <mailname>BALANCE WITH EXCISE TNTA RG23A</mailname>
    <group>CURRENT ASSETS/LOANS &amp; ADVANCES    </group>
  </ACXML>
  <ACXML>
    <ac_id>1072</ac_id>
    <ac_name>BALANCE WITH EXCISE TNTA PLA</ac_name>
    <mailname>BALANCE WITH EXCISE TNTA PLA</mailname>
    <group>CURRENT ASSETS/LOANS &amp; ADVANCES    </group>
  </ACXML>
  <ACXML>
    <ac_id>1073</ac_id>
    <ac_name>BALANCE WITH CESS SURCHARGE PLA    </ac_name>
    <mailname>BALANCE WITH CESS SURCHARGE PLA    </mailname>
    <group>CURRENT ASSETS/LOANS &amp; ADVANCES    </group>
  </ACXML>
  <ACXML>
    <ac_id>1074</ac_id>
    <ac_name>BALANCE WITH CESS SURCHARGE RG23A  </ac_name>
    <mailname>BALANCE WITH CESS SURCHARGE RG23A  </mailname>
    <group>CURRENT ASSETS/LOANS &amp; ADVANCES    </group>
  </ACXML>
  <ACXML>
    <ac_id>1075</ac_id>
    <ac_name>BALANCE WITH CESS SURCHARGE RG23C  </ac_name>
    <mailname>BALANCE WITH CESS SURCHARGE RG23C  </mailname>
    <group>CURRENT ASSETS/LOANS &amp; ADVANCES    </group>
  </ACXML>
  <ACXML>
    <ac_id>1076</ac_id>
    <ac_name>CESS CAPITAL GOODS PAYABLE A/C     </ac_name>
    <mailname>CESS CAPITAL GOODS PAYABLE A/C     </mailname>
    <group>CURRENT ASSETS/LOANS &amp; ADVANCES    </group>
  </ACXML>
  <ACXML>
    <ac_id>1077</ac_id>
    <ac_name>BALANCE WITH SERVICE TAX A/C       </ac_name>
    <mailname>BALANCE WITH SERVICE TAX A/C       </mailname>
    <group>CURRENT ASSETS/LOANS &amp; ADVANCES    </group>
  </ACXML>
  <ACXML>
    <ac_id>1078</ac_id>
    <ac_name>BALANCE WITH SERVICE TAX CESS A/C  </ac_name>
    <mailname>BALANCE WITH SERVICE TAX CESS A/C  </mailname>
    <group>CURRENT ASSETS/LOANS &amp; ADVANCES    </group>
  </ACXML>
  <ACXML>
    <ac_id>1079</ac_id>
    <ac_name>BAL. WITH SERVICE TAX PAYABLE      </ac_name>
    <mailname>BAL. WITH SERVICE TAX PAYABLE      </mailname>
    <group>CURRENT ASSETS/LOANS &amp; ADVANCES    </group>
  </ACXML>
  <ACXML>
    <ac_id>1080</ac_id>
    <ac_name>BAL. WITH SERVICE TAX CESS PAYABLE </ac_name>
    <mailname>BAL. WITH SERVICE TAX CESS PAYABLE </mailname>
    <group>CURRENT ASSETS/LOANS &amp; ADVANCES    </group>
  </ACXML>
  <ACXML>
    <ac_id>1081</ac_id>
    <ac_name>WEIGHT-DIFFERENCE                  </ac_name>
    <mailname>WEIGHT-DIFFERENCE                  </mailname>
    <group>SUNDRY DEBTORS                     </group>
  </ACXML>
  <ACXML>
    <ac_id>1082</ac_id>
    <ac_name>BALANCE WITH CVD RG23A             </ac_name>
    <mailname>BALANCE WITH CVD RG23A             </mailname>
    <group>CURRENT ASSETS/LOANS &amp; ADVANCES    </group>
  </ACXML>
  <ACXML>
    <ac_id>1083</ac_id>
    <ac_name>BALANCE WITH CVD RG23C             </ac_name>
    <mailname>BALANCE WITH CVD RG23C             </mailname>
    <group>CURRENT ASSETS/LOANS &amp; ADVANCES    </group>
  </ACXML>
  <ACXML>
    <ac_id>1084</ac_id>
    <ac_name>CVD CAPITAL GOODS PAYABLE A/C      </ac_name>
    <mailname>CVD CAPITAL GOODS PAYABLE A/C      </mailname>
    <group>CURRENT ASSETS/LOANS &amp; ADVANCES    </group>
  </ACXML>
  <ACXML>
    <ac_id>1085</ac_id>
    <ac_name />
    <mailname />
    <group xml:space="preserve"> </group>
  </ACXML>
  <ACXML>
    <ac_id>1086</ac_id>
    <ac_name>TAX DEDUCTED AT SOURCE (RECEIVABLE)         </ac_name>
    <mailname>TAX DEDUCTED AT SOURCE (RECEIVABLE) A/C           </mailname>
    <group>LIABILITIES                                       </group>
  </ACXML>
  <ACXML>
    <ac_id>1087</ac_id>
    <ac_name>BALANCE WITH EXCISE SED PLA</ac_name>
    <mailname>BALANCE WITH EXCISE SED PLA</mailname>
    <group>CURRENT ASSETS/LOANS &amp; ADVANCES    </group>
  </ACXML>
  <ACXML>
    <ac_id>1088</ac_id>
    <ac_name>BALANCE WITH HCESS PLA</ac_name>
    <mailname>BALANCE WITH HCESS PLA</mailname>
    <group>CURRENT ASSETS/LOANS &amp; ADVANCES    </group>
  </ACXML>
  <ACXML>
    <ac_id>1089</ac_id>
    <ac_name>BALANCE WITH EXCISE AED RG23C</ac_name>
    <mailname>BALANCE WITH EXCISE AED RG23C</mailname>
    <group>CURRENT ASSETS/LOANS &amp; ADVANCES    </group>
  </ACXML>
  <ACXML>
    <ac_id>1090</ac_id>
    <ac_name>BALANCE WITH EXCISE NCCD RG23C</ac_name>
    <mailname>BALANCE WITH EXCISE NCCD RG23C</mailname>
    <group>CURRENT ASSETS/LOANS &amp; ADVANCES    </group>
  </ACXML>
  <ACXML>
    <ac_id>1091</ac_id>
    <ac_name>BALANCE WITH EXCISE SED RG23C</ac_name>
    <mailname>BALANCE WITH EXCISE SED RG23C</mailname>
    <group>CURRENT ASSETS/LOANS &amp; ADVANCES    </group>
  </ACXML>
  <ACXML>
    <ac_id>1092</ac_id>
    <ac_name>BALANCE WITH EXCISE TNTA RG23C</ac_name>
    <mailname>BALANCE WITH EXCISE TNTA RG23C</mailname>
    <group>CURRENT ASSETS/LOANS &amp; ADVANCES    </group>
  </ACXML>
  <ACXML>
    <ac_id>1093</ac_id>
    <ac_name>BALANCE WITH HCESS RG23A</ac_name>
    <mailname>BALANCE WITH HCESS RG23A</mailname>
    <group>CURRENT ASSETS/LOANS &amp; ADVANCES    </group>
  </ACXML>
  <ACXML>
    <ac_id>1094</ac_id>
    <ac_name>BALANCE WITH HCESS RG23C</ac_name>
    <mailname>BALANCE WITH HCESS RG23C</mailname>
    <group>CURRENT ASSETS/LOANS &amp; ADVANCES    </group>
  </ACXML>
  <ACXML>
    <ac_id>1095</ac_id>
    <ac_name>BALANCE WITH SERVICE TAX HCESS A/C                </ac_name>
    <mailname>BALANCE WITH SERVICE TAX CESS A/C                 </mailname>
    <group>CURRENT ASSETS/LOANS &amp; ADVANCES                   </group>
  </ACXML>
  <ACXML>
    <ac_id>1096</ac_id>
    <ac_name>H CESS CAPITAL GOODS PAYABLE A/C                  </ac_name>
    <mailname>H CESS CAPITAL GOODS PAYABLE A/C                  </mailname>
    <group>CURRENT ASSETS/LOANS &amp; ADVANCES                   </group>
  </ACXML>
  <ACXML>
    <ac_id>1098</ac_id>
    <ac_name>Output Vat 4% A/c</ac_name>
    <mailname>OutPut Vat 4% A/c                                 </mailname>
    <group>LIABILITIES                                       </group>
  </ACXML>
  <ACXML>
    <ac_id>1099</ac_id>
    <ac_name>Input Vat 8% A/c</ac_name>
    <mailname>InPut Vat 8% A/c                                  </mailname>
    <group>CURRENT ASSETS/LOANS &amp; ADVANCES                   </group>
  </ACXML>
  <ACXML>
    <ac_id>1100</ac_id>
    <ac_name>Input Vat 4% A/C                                  </ac_name>
    <mailname>Input Vat 4% A/C                                  </mailname>
    <group>CURRENT ASSETS/LOANS &amp; ADVANCES                   </group>
  </ACXML>
  <ACXML>
    <ac_id>1101</ac_id>
    <ac_name>Output Vat 8% A/c                                 </ac_name>
    <mailname>Output Vat 8% A/c                                 </mailname>
    <group>LIABILITIES                                       </group>
  </ACXML>
  <ACXML>
    <ac_id>1102</ac_id>
    <ac_name>EDU.CESS (194-B) ON PAYABLE A/C                   </ac_name>
    <mailname>EDU.CESS (194-B) ON PAYABLE A/C                   </mailname>
    <group>CURRENT LIABILITIES &amp; PROVISIONS                  </group>
  </ACXML>
  <ACXML>
    <ac_id>1103</ac_id>
    <ac_name>SURCHARGE (194-B) ON PAYABLE A/C                  </ac_name>
    <mailname>SURCHARGE (194-B) ON PAYABLE A/C                  </mailname>
    <group>CURRENT LIABILITIES &amp; PROVISIONS                  </group>
  </ACXML>
  <ACXML>
    <ac_id>1104</ac_id>
    <ac_name>TDS (194-B) ON PAYABLE A/C                        </ac_name>
    <mailname>TDS (194-B) ON PAYABLE A/C                        </mailname>
    <group>CURRENT LIABILITIES &amp; PROVISIONS                  </group>
  </ACXML>
  <ACXML>
    <ac_id>1105</ac_id>
    <ac_name>TDS (194-I) ON PAYABLE A/C                        </ac_name>
    <mailname>TDS (194-I) ON PAYABLE A/C                        </mailname>
    <group>CURRENT LIABILITIES &amp; PROVISIONS                  </group>
  </ACXML>
  <ACXML>
    <ac_id>1106</ac_id>
    <ac_name>SURCHARGE (194-I) ON PAYABLE A/C                  </ac_name>
    <mailname>SURCHARGE (194-I) ON PAYABLE A/C                  </mailname>
    <group>CURRENT LIABILITIES &amp; PROVISIONS                  </group>
  </ACXML>
  <ACXML>
    <ac_id>1107</ac_id>
    <ac_name>EDU.CESS (194-I) ON PAYABLE A/C                   </ac_name>
    <mailname>EDU.CESS (194-I) ON PAYABLE A/C                   </mailname>
    <group>CURRENT LIABILITIES &amp; PROVISIONS                  </group>
  </ACXML>
  <ACXML>
    <ac_id>1108</ac_id>
    <ac_name>EDU.CESS (194-J) ON PAYABLE A/C                   </ac_name>
    <mailname>EDU.CESS (194-J) ON PAYABLE A/C                   </mailname>
    <group>CURRENT LIABILITIES &amp; PROVISIONS                  </group>
  </ACXML>
  <ACXML>
    <ac_id>1109</ac_id>
    <ac_name>SURCHARGE (194-J) ON PAYABLE A/C                  </ac_name>
    <mailname>SURCHARGE (194-J) ON PAYABLE A/C                  </mailname>
    <group>CURRENT LIABILITIES &amp; PROVISIONS                  </group>
  </ACXML>
  <ACXML>
    <ac_id>1110</ac_id>
    <ac_name>TDS (194-J) ON PAYABLE A/C                        </ac_name>
    <mailname>TDS (194-J) ON PAYABLE A/C                        </mailname>
    <group>CURRENT LIABILITIES &amp; PROVISIONS                  </group>
  </ACXML>
  <ACXML>
    <ac_id>1111</ac_id>
    <ac_name>TDS (193) ON PAYABLE A/C                          </ac_name>
    <mailname>TDS (193) ON PAYABLE A/C                          </mailname>
    <group>CURRENT LIABILITIES &amp; PROVISIONS                  </group>
  </ACXML>
  <ACXML>
    <ac_id>1112</ac_id>
    <ac_name>SURCHARGE (193) ON PAYABLE A/C                    </ac_name>
    <mailname>SURCHARGE (193) ON PAYABLE A/C                    </mailname>
    <group>CURRENT LIABILITIES &amp; PROVISIONS                  </group>
  </ACXML>
  <ACXML>
    <ac_id>1113</ac_id>
    <ac_name>EDU.CESS (193) ON PAYABLE A/C                     </ac_name>
    <mailname>EDU.CESS (193) ON PAYABLE A/C                     </mailname>
    <group>CURRENT LIABILITIES &amp; PROVISIONS                  </group>
  </ACXML>
  <ACXML>
    <ac_id>1114</ac_id>
    <ac_name>EDU.CESS (194-A) ON PAYABLE A/C                   </ac_name>
    <mailname>EDU.CESS (194-A) ON PAYABLE A/C                   </mailname>
    <group>CURRENT LIABILITIES &amp; PROVISIONS                  </group>
  </ACXML>
  <ACXML>
    <ac_id>1115</ac_id>
    <ac_name>SURCHARGE (194-A) ON PAYABLE A/C                  </ac_name>
    <mailname>SURCHARGE (194-A) ON PAYABLE A/C                  </mailname>
    <group>CURRENT LIABILITIES &amp; PROVISIONS                  </group>
  </ACXML>
  <ACXML>
    <ac_id>1116</ac_id>
    <ac_name>TDS (194-A) ON PAYABLE A/C                        </ac_name>
    <mailname>TDS (194-A) ON PAYABLE A/C                        </mailname>
    <group>CURRENT LIABILITIES &amp; PROVISIONS                  </group>
  </ACXML>
  <ACXML>
    <ac_id>1118</ac_id>
    <ac_name>SURCHARGE (194-D) ON PAYABLE A/C                  </ac_name>
    <mailname>SURCHARGE (194-D) ON PAYABLE A/C                  </mailname>
    <group>CURRENT LIABILITIES &amp; PROVISIONS                  </group>
  </ACXML>
  <ACXML>
    <ac_id>1119</ac_id>
    <ac_name>EDU.CESS (194-D) ON PAYABLE A/C                   </ac_name>
    <mailname>EDU.CESS (194-D) ON PAYABLE A/C                   </mailname>
    <group>CURRENT LIABILITIES &amp; PROVISIONS                  </group>
  </ACXML>
  <ACXML>
    <ac_id>1120</ac_id>
    <ac_name>EDU.CESS (194) ON PAYABLE A/C                     </ac_name>
    <mailname>EDU.CESS (194) ON PAYABLE A/C                     </mailname>
    <group>CURRENT LIABILITIES &amp; PROVISIONS                  </group>
  </ACXML>
  <ACXML>
    <ac_id>1121</ac_id>
    <ac_name>SURCHARGE (194) ON PAYABLE A/C                    </ac_name>
    <mailname>SURCHARGE (194) ON PAYABLE A/C                    </mailname>
    <group>CURRENT LIABILITIES &amp; PROVISIONS                  </group>
  </ACXML>
  <ACXML>
    <ac_id>1124</ac_id>
    <ac_name>SURCHARGE (194-C) ON PAYABLE A/C                  </ac_name>
    <mailname>SURCHARGE (194-C) ON PAYABLE A/C                  </mailname>
    <group>CURRENT LIABILITIES &amp; PROVISIONS                  </group>
  </ACXML>
  <ACXML>
    <ac_id>1125</ac_id>
    <ac_name>EDU.CESS (194-C) ON PAYABLE A/C                   </ac_name>
    <mailname>EDU.CESS (194-C) ON PAYABLE A/C                   </mailname>
    <group>CURRENT LIABILITIES &amp; PROVISIONS                  </group>
  </ACXML>
  <ACXML>
    <ac_id>1126</ac_id>
    <ac_name>EDU.CESS (194-H) ON PAYABLE A/C                   </ac_name>
    <mailname>EDU.CESS (194-H) ON PAYABLE A/C                   </mailname>
    <group>CURRENT LIABILITIES &amp; PROVISIONS                  </group>
  </ACXML>
  <ACXML>
    <ac_id>1127</ac_id>
    <ac_name>SURCHARGE (194-H) ON PAYABLE A/C                  </ac_name>
    <mailname>SURCHARGE (194-H) ON PAYABLE A/C                  </mailname>
    <group>CURRENT LIABILITIES &amp; PROVISIONS                  </group>
  </ACXML>
  <ACXML>
    <ac_id>1129</ac_id>
    <ac_name>BALANCE WITH BCD RG23A                            </ac_name>
    <mailname>BALANCE WITH BCD RG23A                            </mailname>
    <group>CURRENT ASSETS/LOANS &amp; ADVANCES                   </group>
  </ACXML>
  <ACXML>
    <ac_id>1130</ac_id>
    <ac_name>BALANCE WITH BCD RG23C                            </ac_name>
    <mailname>BALANCE WITH BCD RG23C                            </mailname>
    <group>CURRENT ASSETS/LOANS &amp; ADVANCES                   </group>
  </ACXML>
  <ACXML>
    <ac_id>1131</ac_id>
    <ac_name>BCD CAPITAL GOODS PAYABLE A/C</ac_name>
    <mailname>BCD CAPITAL GOODS PAYABLE A/C</mailname>
    <group>CURRENT ASSETS/LOANS &amp; ADVANCES</group>
  </ACXML>
  <ACXML>
    <ac_id>1137</ac_id>
    <ac_name>S &amp; H Cess on Service Tax Available               </ac_name>
    <mailname>S &amp; H Cess on Service Tax Available               </mailname>
    <group>CURRENT ASSETS/LOANS &amp; ADVANCES                   </group>
  </ACXML>
  <ACXML>
    <ac_id>1144</ac_id>
    <ac_name>WORK ORDER                                        </ac_name>
    <mailname>WORK ORDER                                        </mailname>
    <group>SUNDRY DEBTORS                                    </group>
  </ACXML>
</NewDataSet>