<?xml version="1.0" standalone="yes"?>
<NewDataSet>
  <ACXML>
    <ac_id>798</ac_id>
    <ac_name>PURCHASES</ac_name>
    <mailname>PURCHASES                                         </mailname>
    <group>TRADING EXPENSES                                  </group>
  </ACXML>
  <ACXML>
    <ac_id>799</ac_id>
    <ac_name>SALES</ac_name>
    <mailname>SALES                                             </mailname>
    <group>TRADING INCOME                                    </group>
  </ACXML>
  <ACXML>
    <ac_id>813</ac_id>
    <ac_name>SALES TAX A/C</ac_name>
    <mailname>SALES TAX A/C                                     </mailname>
    <group>EXPENSE                                           </group>
  </ACXML>
  <ACXML>
    <ac_id>815</ac_id>
    <ac_name>Amar Remedies Ltd.</ac_name>
    <mailname>Amar Remedies Ltd.                                </mailname>
    <group>SUNDRY CREDITORS                                  </group>
  </ACXML>
  <ACXML>
    <ac_id>816</ac_id>
    <ac_name>ICICI BANK LTD.</ac_name>
    <mailname>ICICI BANK LTD.                                   </mailname>
    <group>CASH &amp; BANK BALANCES                              </group>
  </ACXML>
  <ACXML>
    <ac_id>817</ac_id>
    <ac_name>Arunakshi Enterprises</ac_name>
    <mailname>Arunakshi Enterprises                             </mailname>
    <group>SUNDRY DEBTORS                                    </group>
  </ACXML>
  <ACXML>
    <ac_id>818</ac_id>
    <ac_name>K.K.Enterprises</ac_name>
    <mailname>K.K.Enterprises                                   </mailname>
    <group>SUNDRY DEBTORS                                    </group>
  </ACXML>
  <ACXML>
    <ac_id>819</ac_id>
    <ac_name>Dhani Ram Vijay Kumar</ac_name>
    <mailname>Dhani Ram Vijay Kumar                             </mailname>
    <group>SUNDRY DEBTORS                                    </group>
  </ACXML>
  <ACXML>
    <ac_id>820</ac_id>
    <ac_name>Vikas Trading Co.</ac_name>
    <mailname>Vikas Trading Co.                                 </mailname>
    <group>SUNDRY DEBTORS                                    </group>
  </ACXML>
  <ACXML>
    <ac_id>821</ac_id>
    <ac_name>Neelam Agency</ac_name>
    <mailname>Neelam Agency                                     </mailname>
    <group>SUNDRY DEBTORS                                    </group>
  </ACXML>
  <ACXML>
    <ac_id>822</ac_id>
    <ac_name>Makhan Lal Virender Kumar</ac_name>
    <mailname>Makhan Lal Virender Kumar                         </mailname>
    <group>SUNDRY DEBTORS                                    </group>
  </ACXML>
  <ACXML>
    <ac_id>823</ac_id>
    <ac_name>Maha Lakshmi Trader</ac_name>
    <mailname>Maha Lakshmi Trader                               </mailname>
    <group>SUNDRY DEBTORS                                    </group>
  </ACXML>
  <ACXML>
    <ac_id>824</ac_id>
    <ac_name>Ajay Prov. Store</ac_name>
    <mailname>Ajay Prov. Store                                  </mailname>
    <group>SUNDRY DEBTORS                                    </group>
  </ACXML>
  <ACXML>
    <ac_id>825</ac_id>
    <ac_name>R.V Trader</ac_name>
    <mailname>R.V Trader                                        </mailname>
    <group>SUNDRY DEBTORS                                    </group>
  </ACXML>
  <ACXML>
    <ac_id>826</ac_id>
    <ac_name>Mahajan Agency</ac_name>
    <mailname>Mahajan Agency                                    </mailname>
    <group>SUNDRY DEBTORS                                    </group>
  </ACXML>
  <ACXML>
    <ac_id>827</ac_id>
    <ac_name>Enn Enn Trader</ac_name>
    <mailname>Enn Enn Trader                                    </mailname>
    <group>SUNDRY DEBTORS                                    </group>
  </ACXML>
  <ACXML>
    <ac_id>828</ac_id>
    <ac_name>A.A Trader</ac_name>
    <mailname>A.A Trader</mailname>
    <group>SUNDRY DEBTORS</group>
  </ACXML>
  <ACXML>
    <ac_id>829</ac_id>
    <ac_name>Neeraj Trader</ac_name>
    <mailname>Neeraj Trader                                     </mailname>
    <group>SUNDRY DEBTORS                                    </group>
  </ACXML>
  <ACXML>
    <ac_id>830</ac_id>
    <ac_name>AJAY GIFT  READYMADE GARMENTS</ac_name>
    <mailname>AJAY GIFT  READYMADE GARMENTS                     </mailname>
    <group>SUNDRY DEBTORS                                    </group>
  </ACXML>
  <ACXML>
    <ac_id>831</ac_id>
    <ac_name>Chada fancy house</ac_name>
    <mailname>Chada fancy house                                 </mailname>
    <group>SUNDRY DEBTORS                                    </group>
  </ACXML>
  <ACXML>
    <ac_id>832</ac_id>
    <ac_name>Prime Food Agency</ac_name>
    <mailname>Prime Food Agency                                 </mailname>
    <group>SUNDRY DEBTORS                                    </group>
  </ACXML>
  <ACXML>
    <ac_id>833</ac_id>
    <ac_name>Gupta Prov Store</ac_name>
    <mailname>Gupta Prov Store                                  </mailname>
    <group>SUNDRY DEBTORS                                    </group>
  </ACXML>
  <ACXML>
    <ac_id>834</ac_id>
    <ac_name>SAM ENTERPRISES</ac_name>
    <mailname>SAM ENTERPRISES                                   </mailname>
    <group>SUNDRY CREDITORS                                  </group>
  </ACXML>
  <ACXML>
    <ac_id>835</ac_id>
    <ac_name>CASH IN HAND</ac_name>
    <mailname>CASH IN HAND                                      </mailname>
    <group>CASH &amp; BANK BALANCES                              </group>
  </ACXML>
  <ACXML>
    <ac_id>836</ac_id>
    <ac_name>ALAMDAR TRADERS  CO</ac_name>
    <mailname>ALAMDAR TRADERS  CO                               </mailname>
    <group>SUNDRY DEBTORS                                    </group>
  </ACXML>
  <ACXML>
    <ac_id>837</ac_id>
    <ac_name>ICICI A/C 000451000442</ac_name>
    <mailname>ICICI A/C 000451000442                            </mailname>
    <group>CASH &amp; BANK BALANCES                              </group>
  </ACXML>
  <ACXML>
    <ac_id>838</ac_id>
    <ac_name>Gupta Gen.Store</ac_name>
    <mailname>Gupta Gen.Store                                   </mailname>
    <group>SUNDRY DEBTORS                                    </group>
  </ACXML>
  <ACXML>
    <ac_id>839</ac_id>
    <ac_name>R.S ENTERPRISES</ac_name>
    <mailname>R.S ENTERPRISES                                   </mailname>
    <group>SUNDRY DEBTORS                                    </group>
  </ACXML>
  <ACXML>
    <ac_id>840</ac_id>
    <ac_name>Mansar Trader</ac_name>
    <mailname>Mansar Trader                                     </mailname>
    <group>SUNDRY DEBTORS                                    </group>
  </ACXML>
  <ACXML>
    <ac_id>841</ac_id>
    <ac_name>Bank Charges</ac_name>
    <mailname>Bank Charges                                      </mailname>
    <group>EXPENSE                                           </group>
  </ACXML>
  <ACXML>
    <ac_id>842</ac_id>
    <ac_name>Dew Tarder</ac_name>
    <mailname>Dew Tarder                                        </mailname>
    <group>SUNDRY DEBTORS                                    </group>
  </ACXML>
  <ACXML>
    <ac_id>843</ac_id>
    <ac_name>V.V TRADER</ac_name>
    <mailname>V.V TRADER                                        </mailname>
    <group>SUNDRY DEBTORS                                    </group>
  </ACXML>
  <ACXML>
    <ac_id>844</ac_id>
    <ac_name>GANDOTRA BROTHERS</ac_name>
    <mailname>GANDOTRA BROTHERS                                 </mailname>
    <group>SUNDRY DEBTORS                                    </group>
  </ACXML>
  <ACXML>
    <ac_id>845</ac_id>
    <ac_name>DOGRA GEN STORE</ac_name>
    <mailname>DOGRA GEN STORE                                   </mailname>
    <group>SUNDRY DEBTORS                                    </group>
  </ACXML>
  <ACXML>
    <ac_id>846</ac_id>
    <ac_name>BITTU GENERAL STORE</ac_name>
    <mailname>BITTU GENERAL STORE                               </mailname>
    <group>SUNDRY DEBTORS                                    </group>
  </ACXML>
  <ACXML>
    <ac_id>847</ac_id>
    <ac_name>New Vashino Devi Trader</ac_name>
    <mailname>New Vashino Devi Trader                           </mailname>
    <group>SUNDRY DEBTORS                                    </group>
  </ACXML>
  <ACXML>
    <ac_id>848</ac_id>
    <ac_name>GANPATI TRADERS</ac_name>
    <mailname>GANPATI TRADERS                                   </mailname>
    <group>SUNDRY DEBTORS                                    </group>
  </ACXML>
  <ACXML>
    <ac_id>849</ac_id>
    <ac_name>AMAR REMEDIES LTD..</ac_name>
    <mailname>AMAR REMEDIES LTD..                               </mailname>
    <group>SUNDRY DEBTORS                                    </group>
  </ACXML>
  <ACXML>
    <ac_id>850</ac_id>
    <ac_name>SUSPENS</ac_name>
    <mailname>SUSPENS                                           </mailname>
    <group>SUNDRY DEBTORS                                    </group>
  </ACXML>
  <ACXML>
    <ac_id>852</ac_id>
    <ac_name>Indu Trading Co</ac_name>
    <mailname>Indu Trading Co                                   </mailname>
    <group>SUNDRY DEBTORS                                    </group>
  </ACXML>
  <ACXML>
    <ac_id>853</ac_id>
    <ac_name>R.K BROTHERS</ac_name>
    <mailname>R.K BROTHERS                                      </mailname>
    <group>SUNDRY DEBTORS                                    </group>
  </ACXML>
  <ACXML>
    <ac_id>854</ac_id>
    <ac_name>S.K TRADER</ac_name>
    <mailname>S.K TRADER                                        </mailname>
    <group>SUNDRY DEBTORS                                    </group>
  </ACXML>
  <ACXML>
    <ac_id>855</ac_id>
    <ac_name>SALES PROMOTION</ac_name>
    <mailname>SALES PROMOTION                                   </mailname>
    <group>EXPENSE                                           </group>
  </ACXML>
  <ACXML>
    <ac_id>856</ac_id>
    <ac_name>Abhishek Agencies</ac_name>
    <mailname>Abhishek Agencies                                 </mailname>
    <group>SUNDRY DEBTORS                                    </group>
  </ACXML>
  <ACXML>
    <ac_id>857</ac_id>
    <ac_name>Cheque Return Charges</ac_name>
    <mailname>Cheque Return Charges                             </mailname>
    <group>EXPENSE                                           </group>
  </ACXML>
  <ACXML>
    <ac_id>858</ac_id>
    <ac_name>Durga Dass   Sons</ac_name>
    <mailname>Durga Dass   Sons                                 </mailname>
    <group>SUNDRY DEBTORS                                    </group>
  </ACXML>
  <ACXML>
    <ac_id>859</ac_id>
    <ac_name>Manik Agency</ac_name>
    <mailname>Manik Agency                                      </mailname>
    <group>SUNDRY DEBTORS                                    </group>
  </ACXML>
  <ACXML>
    <ac_id>860</ac_id>
    <ac_name>HEALTH WAY</ac_name>
    <mailname>HEALTH WAY                                        </mailname>
    <group>SUNDRY DEBTORS                                    </group>
  </ACXML>
  <ACXML>
    <ac_id>861</ac_id>
    <ac_name>AYUESH TRADER</ac_name>
    <mailname>AYUESH TRADER                                     </mailname>
    <group>SUNDRY DEBTORS                                    </group>
  </ACXML>
  <ACXML>
    <ac_id>862</ac_id>
    <ac_name>PREM GEN STORE</ac_name>
    <mailname>PREM GEN STORE                                    </mailname>
    <group>SUNDRY DEBTORS                                    </group>
  </ACXML>
  <ACXML>
    <ac_id>863</ac_id>
    <ac_name>SHIVA CONFECTIONARY</ac_name>
    <mailname>SHIVA CONFECTIONARY                               </mailname>
    <group>SUNDRY DEBTORS                                    </group>
  </ACXML>
  <ACXML>
    <ac_id>864</ac_id>
    <ac_name>KRISHANA TRADERS</ac_name>
    <mailname>KRISHANA TRADERS                                  </mailname>
    <group>SUNDRY DEBTORS                                    </group>
  </ACXML>
  <ACXML>
    <ac_id>865</ac_id>
    <ac_name>OM TRADING CO</ac_name>
    <mailname>OM TRADING CO                                     </mailname>
    <group>SUNDRY DEBTORS                                    </group>
  </ACXML>
  <ACXML>
    <ac_id>866</ac_id>
    <ac_name>SHIV TRADER</ac_name>
    <mailname>SHIV TRADER                                       </mailname>
    <group>SUNDRY DEBTORS                                    </group>
  </ACXML>
  <ACXML>
    <ac_id>867</ac_id>
    <ac_name>J K SALES CORP.</ac_name>
    <mailname>J K SALES CORP.                                   </mailname>
    <group>CASH &amp; BANK BALANCES                              </group>
  </ACXML>
  <ACXML>
    <ac_id>868</ac_id>
    <ac_name>M/s Modern Gen Store</ac_name>
    <mailname>M/s Modern Gen Store                              </mailname>
    <group>SUNDRY DEBTORS                                    </group>
  </ACXML>
  <ACXML>
    <ac_id>869</ac_id>
    <ac_name>PUNIT ENTERPRISES</ac_name>
    <mailname>PUNIT ENTERPRISES                                 </mailname>
    <group>SUNDRY DEBTORS                                    </group>
  </ACXML>
  <ACXML>
    <ac_id>870</ac_id>
    <ac_name>DISCOUNT</ac_name>
    <mailname>DISCOUNT                                          </mailname>
    <group>EXPENSE                                           </group>
  </ACXML>
  <ACXML>
    <ac_id>871</ac_id>
    <ac_name>CASH IN HAND                       </ac_name>
    <mailname>CASH IN HAND                       </mailname>
    <group>CASH &amp; BANK BALANCES               </group>
  </ACXML>
  <ACXML>
    <ac_id>872</ac_id>
    <ac_name>CLOSING STOCK (P &amp; L)              </ac_name>
    <mailname>CLOSING STOCK (P &amp; L)              </mailname>
    <group>TRADING INCOME                     </group>
  </ACXML>
  <ACXML>
    <ac_id>873</ac_id>
    <ac_name>SELLING EXPENSES                   </ac_name>
    <mailname>SELLING EXPENSES                   </mailname>
    <group>EXPENSE                            </group>
  </ACXML>
  <ACXML>
    <ac_id>874</ac_id>
    <ac_name>DEPRECIATION                       </ac_name>
    <mailname>DEPRECIATION                       </mailname>
    <group>EXPENSE                            </group>
  </ACXML>
  <ACXML>
    <ac_id>876</ac_id>
    <ac_name>SALES TAX A/C.                     </ac_name>
    <mailname>SALES TAX A/C.                     </mailname>
    <group>EXPENSE                            </group>
  </ACXML>
  <ACXML>
    <ac_id>877</ac_id>
    <ac_name>OPENING STOCK                      </ac_name>
    <mailname>OPENING STOCK                      </mailname>
    <group>TRADING EXPENSE</group>
  </ACXML>
  <ACXML>
    <ac_id>878</ac_id>
    <ac_name>OPENING BALANCES                   </ac_name>
    <mailname>OPENING BALANCES                   </mailname>
    <group>ASSETS                             </group>
  </ACXML>
  <ACXML>
    <ac_id>879</ac_id>
    <ac_name>PROVISIONAL EXPENSES               </ac_name>
    <mailname>PROVISIONAL EXPENSES               </mailname>
    <group>CURRENT LIABILITIES &amp; PROVISIONS   </group>
  </ACXML>
  <ACXML>
    <ac_id>880</ac_id>
    <ac_name>PROVISIONAL EXPENSES (P &amp; L)       </ac_name>
    <mailname>PROVISIONAL EXPENSES (P &amp; L)       </mailname>
    <group>EXPENSE                            </group>
  </ACXML>
  <ACXML>
    <ac_id>881</ac_id>
    <ac_name>PETTY CASH BOOK                    </ac_name>
    <mailname>PETTY CASH BOOK                    </mailname>
    <group>PETTY CASH                         </group>
  </ACXML>
  <ACXML>
    <ac_id>882</ac_id>
    <ac_name>TAX DEDUCTED AT SOURCE (PAYABLE)   </ac_name>
    <mailname>TAX DEDUCTED AT SOURCE (PAYABLE)   </mailname>
    <group>EXPENSE                            </group>
  </ACXML>
  <ACXML>
    <ac_id>883</ac_id>
    <ac_name>DISCOUNT (BILLS)                   </ac_name>
    <mailname>DISCOUNT (BILLS)                   </mailname>
    <group>EXPENSE                            </group>
  </ACXML>
  <ACXML>
    <ac_id>885</ac_id>
    <ac_name>POSTAGE &amp; TELEGRAPH                </ac_name>
    <mailname>POSTAGE &amp; TELEGRAPH                </mailname>
    <group>EXPENSE                            </group>
  </ACXML>
  <ACXML>
    <ac_id>886</ac_id>
    <ac_name>PRINTING &amp; STATIONERY              </ac_name>
    <mailname>PRINTING &amp; STATIONERY              </mailname>
    <group>EXPENSE                            </group>
  </ACXML>
  <ACXML>
    <ac_id>887</ac_id>
    <ac_name>BALANCE WITH B1-BOND               </ac_name>
    <mailname>BALANCE WITH B1-BOND               </mailname>
    <group>CURRENT ASSETS/LOANS &amp; ADVANCES    </group>
  </ACXML>
  <ACXML>
    <ac_id>888</ac_id>
    <ac_name>BALANCE WITH EXCISE CESS           </ac_name>
    <mailname>BALANCE WITH EXCISE CESS           </mailname>
    <group>CURRENT ASSETS/LOANS &amp; ADVANCES    </group>
  </ACXML>
  <ACXML>
    <ac_id>889</ac_id>
    <ac_name>BALANCE WITH EXCISE PLA            </ac_name>
    <mailname>BALANCE WITH EXCISE PLA            </mailname>
    <group>CURRENT ASSETS/LOANS &amp; ADVANCES    </group>
  </ACXML>
  <ACXML>
    <ac_id>890</ac_id>
    <ac_name>BALANCE WITH EXCISE RG23A</ac_name>
    <mailname>BALANCE WITH EXCISE RG23A</mailname>
    <group>CURRENT ASSETS/LOANS &amp; ADVANCES    </group>
  </ACXML>
  <ACXML>
    <ac_id>891</ac_id>
    <ac_name>BALANCE WITH EXCISE RG23C</ac_name>
    <mailname>BALANCE WITH EXCISE RG23C</mailname>
    <group>CURRENT ASSETS/LOANS &amp; ADVANCES    </group>
  </ACXML>
  <ACXML>
    <ac_id>892</ac_id>
    <ac_name>BALANCE WITH RULE 173H A/C.        </ac_name>
    <mailname>BALANCE WITH RULE 173H A/C.        </mailname>
    <group>CURRENT ASSETS/LOANS &amp; ADVANCES    </group>
  </ACXML>
  <ACXML>
    <ac_id>893</ac_id>
    <ac_name>EXCISE ACCOUNT                     </ac_name>
    <mailname>EXCISE ACCOUNT                     </mailname>
    <group>LIABILITIES                        </group>
  </ACXML>
  <ACXML>
    <ac_id>894</ac_id>
    <ac_name>INVESTMENT ALLOWANCE RESERVE       </ac_name>
    <mailname>INVESTMENT ALLOWANCE RESERVE       </mailname>
    <group>LIABILITIES                        </group>
  </ACXML>
  <ACXML>
    <ac_id>895</ac_id>
    <ac_name>OUTPUT FROM PRODUCTION             </ac_name>
    <mailname>OUTPUT FROM PRODUCTION             </mailname>
    <group>CREDITORS FOR EXPENSES             </group>
  </ACXML>
  <ACXML>
    <ac_id>896</ac_id>
    <ac_name>USE FOR PRODUCTION                 </ac_name>
    <mailname>USE FOR PRODUCTION                 </mailname>
    <group>CREDITORS FOR GOODS                </group>
  </ACXML>
  <ACXML>
    <ac_id>897</ac_id>
    <ac_name>WORK IN PROGRESS ISSUE             </ac_name>
    <mailname>WORK IN PROGRESS ISSUE             </mailname>
    <group>CREDITORS FOR EXPENSES             </group>
  </ACXML>
  <ACXML>
    <ac_id>898</ac_id>
    <ac_name>WORK IN PROGRESS RECEIPT                          </ac_name>
    <mailname>WORK IN PROGRESS RECEIPT                          </mailname>
    <group>CREDITORS FOR GOODS                               </group>
  </ACXML>
  <ACXML>
    <ac_id>899</ac_id>
    <ac_name>EXCISE CAPITAL GOODS PAYABLE A/C   </ac_name>
    <mailname>EXCISE CAPITAL GOODS PAYABLE A/C   </mailname>
    <group>CURRENT ASSETS/LOANS &amp; ADVANCES    </group>
  </ACXML>
  <ACXML>
    <ac_id>900</ac_id>
    <ac_name>BALANCE WITH EXCISE AED RG23A</ac_name>
    <mailname>BALANCE WITH EXCISE AED RG23A</mailname>
    <group>CURRENT ASSETS/LOANS &amp; ADVANCES    </group>
  </ACXML>
  <ACXML>
    <ac_id>901</ac_id>
    <ac_name>BALANCE WITH EXCISE AED PLA    </ac_name>
    <mailname>BALANCE WITH EXCISE AED PLA    </mailname>
    <group>CURRENT ASSETS/LOANS &amp; ADVANCES    </group>
  </ACXML>
  <ACXML>
    <ac_id>902</ac_id>
    <ac_name>BALANCE WITH EXCISE NCCD RG23A</ac_name>
    <mailname>BALANCE WITH EXCISE NCCD RG23A</mailname>
    <group>CURRENT ASSETS/LOANS &amp; ADVANCES    </group>
  </ACXML>
  <ACXML>
    <ac_id>903</ac_id>
    <ac_name>BALANCE WITH EXCISE NCCD PLA</ac_name>
    <mailname>BALANCE WITH EXCISE NCCD PLA</mailname>
    <group>CURRENT ASSETS/LOANS &amp; ADVANCES    </group>
  </ACXML>
  <ACXML>
    <ac_id>904</ac_id>
    <ac_name>BALANCE WITH EXCISE SED RG23A</ac_name>
    <mailname>BALANCE WITH EXCISE SED RG23A</mailname>
    <group>CURRENT ASSETS/LOANS &amp; ADVANCES    </group>
  </ACXML>
  <ACXML>
    <ac_id>905</ac_id>
    <ac_name>BALANCE WITH EXCISE TNTA RG23A</ac_name>
    <mailname>BALANCE WITH EXCISE TNTA RG23A</mailname>
    <group>CURRENT ASSETS/LOANS &amp; ADVANCES    </group>
  </ACXML>
  <ACXML>
    <ac_id>906</ac_id>
    <ac_name>BALANCE WITH EXCISE TNTA PLA</ac_name>
    <mailname>BALANCE WITH EXCISE TNTA PLA</mailname>
    <group>CURRENT ASSETS/LOANS &amp; ADVANCES    </group>
  </ACXML>
  <ACXML>
    <ac_id>907</ac_id>
    <ac_name>BALANCE WITH CESS SURCHARGE PLA    </ac_name>
    <mailname>BALANCE WITH CESS SURCHARGE PLA    </mailname>
    <group>CURRENT ASSETS/LOANS &amp; ADVANCES    </group>
  </ACXML>
  <ACXML>
    <ac_id>908</ac_id>
    <ac_name>BALANCE WITH CESS SURCHARGE RG23A  </ac_name>
    <mailname>BALANCE WITH CESS SURCHARGE RG23A  </mailname>
    <group>CURRENT ASSETS/LOANS &amp; ADVANCES    </group>
  </ACXML>
  <ACXML>
    <ac_id>909</ac_id>
    <ac_name>BALANCE WITH CESS SURCHARGE RG23C  </ac_name>
    <mailname>BALANCE WITH CESS SURCHARGE RG23C  </mailname>
    <group>CURRENT ASSETS/LOANS &amp; ADVANCES    </group>
  </ACXML>
  <ACXML>
    <ac_id>910</ac_id>
    <ac_name>CESS CAPITAL GOODS PAYABLE A/C     </ac_name>
    <mailname>CESS CAPITAL GOODS PAYABLE A/C     </mailname>
    <group>CURRENT ASSETS/LOANS &amp; ADVANCES    </group>
  </ACXML>
  <ACXML>
    <ac_id>911</ac_id>
    <ac_name>BALANCE WITH SERVICE TAX A/C       </ac_name>
    <mailname>BALANCE WITH SERVICE TAX A/C       </mailname>
    <group>CURRENT ASSETS/LOANS &amp; ADVANCES    </group>
  </ACXML>
  <ACXML>
    <ac_id>912</ac_id>
    <ac_name>BALANCE WITH SERVICE TAX CESS A/C  </ac_name>
    <mailname>BALANCE WITH SERVICE TAX CESS A/C  </mailname>
    <group>CURRENT ASSETS/LOANS &amp; ADVANCES    </group>
  </ACXML>
  <ACXML>
    <ac_id>913</ac_id>
    <ac_name>BAL. WITH SERVICE TAX PAYABLE      </ac_name>
    <mailname>BAL. WITH SERVICE TAX PAYABLE      </mailname>
    <group>CURRENT ASSETS/LOANS &amp; ADVANCES    </group>
  </ACXML>
  <ACXML>
    <ac_id>914</ac_id>
    <ac_name>BAL. WITH SERVICE TAX CESS PAYABLE </ac_name>
    <mailname>BAL. WITH SERVICE TAX CESS PAYABLE </mailname>
    <group>CURRENT ASSETS/LOANS &amp; ADVANCES    </group>
  </ACXML>
  <ACXML>
    <ac_id>915</ac_id>
    <ac_name>WEIGHT-DIFFERENCE                  </ac_name>
    <mailname>WEIGHT-DIFFERENCE                  </mailname>
    <group>SUNDRY DEBTORS                     </group>
  </ACXML>
  <ACXML>
    <ac_id>916</ac_id>
    <ac_name>BALANCE WITH CVD RG23A             </ac_name>
    <mailname>BALANCE WITH CVD RG23A             </mailname>
    <group>CURRENT ASSETS/LOANS &amp; ADVANCES    </group>
  </ACXML>
  <ACXML>
    <ac_id>917</ac_id>
    <ac_name>BALANCE WITH CVD RG23C             </ac_name>
    <mailname>BALANCE WITH CVD RG23C             </mailname>
    <group>CURRENT ASSETS/LOANS &amp; ADVANCES    </group>
  </ACXML>
  <ACXML>
    <ac_id>918</ac_id>
    <ac_name>CVD CAPITAL GOODS PAYABLE A/C      </ac_name>
    <mailname>CVD CAPITAL GOODS PAYABLE A/C      </mailname>
    <group>CURRENT ASSETS/LOANS &amp; ADVANCES    </group>
  </ACXML>
  <ACXML>
    <ac_id>919</ac_id>
    <ac_name />
    <mailname />
    <group xml:space="preserve"> </group>
  </ACXML>
  <ACXML>
    <ac_id>920</ac_id>
    <ac_name>TAX DEDUCTED AT SOURCE (RECEIVABLE)         </ac_name>
    <mailname>TAX DEDUCTED AT SOURCE (RECEIVABLE) A/C           </mailname>
    <group>LIABILITIES                                       </group>
  </ACXML>
  <ACXML>
    <ac_id>921</ac_id>
    <ac_name>BALANCE WITH EXCISE SED PLA</ac_name>
    <mailname>BALANCE WITH EXCISE SED PLA</mailname>
    <group>CURRENT ASSETS/LOANS &amp; ADVANCES    </group>
  </ACXML>
  <ACXML>
    <ac_id>922</ac_id>
    <ac_name>BALANCE WITH HCESS PLA</ac_name>
    <mailname>BALANCE WITH HCESS PLA</mailname>
    <group>CURRENT ASSETS/LOANS &amp; ADVANCES    </group>
  </ACXML>
  <ACXML>
    <ac_id>923</ac_id>
    <ac_name>BALANCE WITH EXCISE AED RG23C</ac_name>
    <mailname>BALANCE WITH EXCISE AED RG23C</mailname>
    <group>CURRENT ASSETS/LOANS &amp; ADVANCES    </group>
  </ACXML>
  <ACXML>
    <ac_id>924</ac_id>
    <ac_name>BALANCE WITH EXCISE NCCD RG23C</ac_name>
    <mailname>BALANCE WITH EXCISE NCCD RG23C</mailname>
    <group>CURRENT ASSETS/LOANS &amp; ADVANCES    </group>
  </ACXML>
  <ACXML>
    <ac_id>925</ac_id>
    <ac_name>BALANCE WITH EXCISE SED RG23C</ac_name>
    <mailname>BALANCE WITH EXCISE SED RG23C</mailname>
    <group>CURRENT ASSETS/LOANS &amp; ADVANCES    </group>
  </ACXML>
  <ACXML>
    <ac_id>926</ac_id>
    <ac_name>BALANCE WITH EXCISE TNTA RG23C</ac_name>
    <mailname>BALANCE WITH EXCISE TNTA RG23C</mailname>
    <group>CURRENT ASSETS/LOANS &amp; ADVANCES    </group>
  </ACXML>
  <ACXML>
    <ac_id>927</ac_id>
    <ac_name>BALANCE WITH HCESS RG23A</ac_name>
    <mailname>BALANCE WITH HCESS RG23A</mailname>
    <group>CURRENT ASSETS/LOANS &amp; ADVANCES    </group>
  </ACXML>
  <ACXML>
    <ac_id>928</ac_id>
    <ac_name>BALANCE WITH HCESS RG23C</ac_name>
    <mailname>BALANCE WITH HCESS RG23C</mailname>
    <group>CURRENT ASSETS/LOANS &amp; ADVANCES    </group>
  </ACXML>
  <ACXML>
    <ac_id>929</ac_id>
    <ac_name>BALANCE WITH SERVICE TAX HCESS A/C                </ac_name>
    <mailname>BALANCE WITH SERVICE TAX CESS A/C                 </mailname>
    <group>CURRENT ASSETS/LOANS &amp; ADVANCES                   </group>
  </ACXML>
  <ACXML>
    <ac_id>930</ac_id>
    <ac_name>H CESS CAPITAL GOODS PAYABLE A/C                  </ac_name>
    <mailname>H CESS CAPITAL GOODS PAYABLE A/C                  </mailname>
    <group>CURRENT ASSETS/LOANS &amp; ADVANCES                   </group>
  </ACXML>
  <ACXML>
    <ac_id>932</ac_id>
    <ac_name>Output Vat 4% A/c</ac_name>
    <mailname>OutPut Vat 4% A/c                                 </mailname>
    <group>LIABILITIES                                       </group>
  </ACXML>
  <ACXML>
    <ac_id>933</ac_id>
    <ac_name>Input Vat 8% A/c</ac_name>
    <mailname>InPut Vat 8% A/c                                  </mailname>
    <group>CURRENT ASSETS/LOANS &amp; ADVANCES                   </group>
  </ACXML>
  <ACXML>
    <ac_id>934</ac_id>
    <ac_name>Input Vat 4% A/C                                  </ac_name>
    <mailname>Input Vat 4% A/C                                  </mailname>
    <group>CURRENT ASSETS/LOANS &amp; ADVANCES                   </group>
  </ACXML>
  <ACXML>
    <ac_id>935</ac_id>
    <ac_name>Output Vat 8% A/c                                 </ac_name>
    <mailname>Output Vat 8% A/c                                 </mailname>
    <group>LIABILITIES                                       </group>
  </ACXML>
  <ACXML>
    <ac_id>936</ac_id>
    <ac_name>EDU.CESS (194-B) ON PAYABLE A/C                   </ac_name>
    <mailname>EDU.CESS (194-B) ON PAYABLE A/C                   </mailname>
    <group>CURRENT LIABILITIES &amp; PROVISIONS                  </group>
  </ACXML>
  <ACXML>
    <ac_id>937</ac_id>
    <ac_name>SURCHARGE (194-B) ON PAYABLE A/C                  </ac_name>
    <mailname>SURCHARGE (194-B) ON PAYABLE A/C                  </mailname>
    <group>CURRENT LIABILITIES &amp; PROVISIONS                  </group>
  </ACXML>
  <ACXML>
    <ac_id>938</ac_id>
    <ac_name>TDS (194-B) ON PAYABLE A/C                        </ac_name>
    <mailname>TDS (194-B) ON PAYABLE A/C                        </mailname>
    <group>CURRENT LIABILITIES &amp; PROVISIONS                  </group>
  </ACXML>
  <ACXML>
    <ac_id>939</ac_id>
    <ac_name>TDS (194-I) ON PAYABLE A/C                        </ac_name>
    <mailname>TDS (194-I) ON PAYABLE A/C                        </mailname>
    <group>CURRENT LIABILITIES &amp; PROVISIONS                  </group>
  </ACXML>
  <ACXML>
    <ac_id>940</ac_id>
    <ac_name>SURCHARGE (194-I) ON PAYABLE A/C                  </ac_name>
    <mailname>SURCHARGE (194-I) ON PAYABLE A/C                  </mailname>
    <group>CURRENT LIABILITIES &amp; PROVISIONS                  </group>
  </ACXML>
  <ACXML>
    <ac_id>941</ac_id>
    <ac_name>EDU.CESS (194-I) ON PAYABLE A/C                   </ac_name>
    <mailname>EDU.CESS (194-I) ON PAYABLE A/C                   </mailname>
    <group>CURRENT LIABILITIES &amp; PROVISIONS                  </group>
  </ACXML>
  <ACXML>
    <ac_id>942</ac_id>
    <ac_name>EDU.CESS (194-J) ON PAYABLE A/C                   </ac_name>
    <mailname>EDU.CESS (194-J) ON PAYABLE A/C                   </mailname>
    <group>CURRENT LIABILITIES &amp; PROVISIONS                  </group>
  </ACXML>
  <ACXML>
    <ac_id>943</ac_id>
    <ac_name>SURCHARGE (194-J) ON PAYABLE A/C                  </ac_name>
    <mailname>SURCHARGE (194-J) ON PAYABLE A/C                  </mailname>
    <group>CURRENT LIABILITIES &amp; PROVISIONS                  </group>
  </ACXML>
  <ACXML>
    <ac_id>944</ac_id>
    <ac_name>TDS (194-J) ON PAYABLE A/C                        </ac_name>
    <mailname>TDS (194-J) ON PAYABLE A/C                        </mailname>
    <group>CURRENT LIABILITIES &amp; PROVISIONS                  </group>
  </ACXML>
  <ACXML>
    <ac_id>945</ac_id>
    <ac_name>TDS (193) ON PAYABLE A/C                          </ac_name>
    <mailname>TDS (193) ON PAYABLE A/C                          </mailname>
    <group>CURRENT LIABILITIES &amp; PROVISIONS                  </group>
  </ACXML>
  <ACXML>
    <ac_id>946</ac_id>
    <ac_name>SURCHARGE (193) ON PAYABLE A/C                    </ac_name>
    <mailname>SURCHARGE (193) ON PAYABLE A/C                    </mailname>
    <group>CURRENT LIABILITIES &amp; PROVISIONS                  </group>
  </ACXML>
  <ACXML>
    <ac_id>947</ac_id>
    <ac_name>EDU.CESS (193) ON PAYABLE A/C                     </ac_name>
    <mailname>EDU.CESS (193) ON PAYABLE A/C                     </mailname>
    <group>CURRENT LIABILITIES &amp; PROVISIONS                  </group>
  </ACXML>
  <ACXML>
    <ac_id>948</ac_id>
    <ac_name>EDU.CESS (194-A) ON PAYABLE A/C                   </ac_name>
    <mailname>EDU.CESS (194-A) ON PAYABLE A/C                   </mailname>
    <group>CURRENT LIABILITIES &amp; PROVISIONS                  </group>
  </ACXML>
  <ACXML>
    <ac_id>949</ac_id>
    <ac_name>SURCHARGE (194-A) ON PAYABLE A/C                  </ac_name>
    <mailname>SURCHARGE (194-A) ON PAYABLE A/C                  </mailname>
    <group>CURRENT LIABILITIES &amp; PROVISIONS                  </group>
  </ACXML>
  <ACXML>
    <ac_id>950</ac_id>
    <ac_name>TDS (194-A) ON PAYABLE A/C                        </ac_name>
    <mailname>TDS (194-A) ON PAYABLE A/C                        </mailname>
    <group>CURRENT LIABILITIES &amp; PROVISIONS                  </group>
  </ACXML>
  <ACXML>
    <ac_id>952</ac_id>
    <ac_name>SURCHARGE (194-D) ON PAYABLE A/C                  </ac_name>
    <mailname>SURCHARGE (194-D) ON PAYABLE A/C                  </mailname>
    <group>CURRENT LIABILITIES &amp; PROVISIONS                  </group>
  </ACXML>
  <ACXML>
    <ac_id>953</ac_id>
    <ac_name>EDU.CESS (194-D) ON PAYABLE A/C                   </ac_name>
    <mailname>EDU.CESS (194-D) ON PAYABLE A/C                   </mailname>
    <group>CURRENT LIABILITIES &amp; PROVISIONS                  </group>
  </ACXML>
  <ACXML>
    <ac_id>954</ac_id>
    <ac_name>EDU.CESS (194) ON PAYABLE A/C                     </ac_name>
    <mailname>EDU.CESS (194) ON PAYABLE A/C                     </mailname>
    <group>CURRENT LIABILITIES &amp; PROVISIONS                  </group>
  </ACXML>
  <ACXML>
    <ac_id>955</ac_id>
    <ac_name>SURCHARGE (194) ON PAYABLE A/C                    </ac_name>
    <mailname>SURCHARGE (194) ON PAYABLE A/C                    </mailname>
    <group>CURRENT LIABILITIES &amp; PROVISIONS                  </group>
  </ACXML>
  <ACXML>
    <ac_id>958</ac_id>
    <ac_name>SURCHARGE (194-C) ON PAYABLE A/C                  </ac_name>
    <mailname>SURCHARGE (194-C) ON PAYABLE A/C                  </mailname>
    <group>CURRENT LIABILITIES &amp; PROVISIONS                  </group>
  </ACXML>
  <ACXML>
    <ac_id>959</ac_id>
    <ac_name>EDU.CESS (194-C) ON PAYABLE A/C                   </ac_name>
    <mailname>EDU.CESS (194-C) ON PAYABLE A/C                   </mailname>
    <group>CURRENT LIABILITIES &amp; PROVISIONS                  </group>
  </ACXML>
  <ACXML>
    <ac_id>960</ac_id>
    <ac_name>EDU.CESS (194-H) ON PAYABLE A/C                   </ac_name>
    <mailname>EDU.CESS (194-H) ON PAYABLE A/C                   </mailname>
    <group>CURRENT LIABILITIES &amp; PROVISIONS                  </group>
  </ACXML>
  <ACXML>
    <ac_id>961</ac_id>
    <ac_name>SURCHARGE (194-H) ON PAYABLE A/C                  </ac_name>
    <mailname>SURCHARGE (194-H) ON PAYABLE A/C                  </mailname>
    <group>CURRENT LIABILITIES &amp; PROVISIONS                  </group>
  </ACXML>
  <ACXML>
    <ac_id>963</ac_id>
    <ac_name>BALANCE WITH BCD RG23A                            </ac_name>
    <mailname>BALANCE WITH BCD RG23A                            </mailname>
    <group>CURRENT ASSETS/LOANS &amp; ADVANCES                   </group>
  </ACXML>
  <ACXML>
    <ac_id>964</ac_id>
    <ac_name>BALANCE WITH BCD RG23C                            </ac_name>
    <mailname>BALANCE WITH BCD RG23C                            </mailname>
    <group>CURRENT ASSETS/LOANS &amp; ADVANCES                   </group>
  </ACXML>
  <ACXML>
    <ac_id>965</ac_id>
    <ac_name>BCD CAPITAL GOODS PAYABLE A/C</ac_name>
    <mailname>BCD CAPITAL GOODS PAYABLE A/C</mailname>
    <group>CURRENT ASSETS/LOANS &amp; ADVANCES</group>
  </ACXML>
  <ACXML>
    <ac_id>971</ac_id>
    <ac_name>S &amp; H Cess on Service Tax Available               </ac_name>
    <mailname>S &amp; H Cess on Service Tax Available               </mailname>
    <group>CURRENT ASSETS/LOANS &amp; ADVANCES                   </group>
  </ACXML>
  <ACXML>
    <ac_id>975</ac_id>
    <ac_name>Service Tax Payable                               </ac_name>
    <mailname>Service Tax Payable                               </mailname>
    <group>CURRENT LIABILITIES &amp; PROVISIONS                  </group>
  </ACXML>
  <ACXML>
    <ac_id>978</ac_id>
    <ac_name>WORK ORDER                                        </ac_name>
    <mailname>WORK ORDER                                        </mailname>
    <group>SUNDRY DEBTORS                                    </group>
  </ACXML>
</NewDataSet>