<?xml version="1.0" ?>
  <EXPENSEINVOICE>
  <INVOICEHDR>
  <TRANTYPE>PUR_GR</TRANTYPE>
  <TRANNO>1558</TRANNO>
  <TRANDATE>28/08/2009</TRANDATE>
  <SUPPLIERCODE>80000038</SUPPLIERCODE>
  <CURRENCY>INR</CURRENCY>
  <TRANAMOUNT>979.4</TRANAMOUNT>
  <REVDOCNO></REVDOCNO>
  <SUPPINVNO>125</SUPPINVNO>
  <SUPPINVDT>28/08/2009</SUPPINVDT>
  <TAXABLEAMT>1000</TAXABLEAMT>
  <TDSAMT>1000</TDSAMT>
  <TDSCODE>TDC001-194HC</TDSCODE>
  <NARRATION/>
  </INVOICEHDR> 
  <ITEMLOT>
    <REFDOCNO></REFDOCNO>
    <AMOUNT>0</AMOUNT>
 </ITEMLOT> 
</EXPENSEINVOICE>
