<?xml version="1.0" standalone="yes"?>
<NewDataSet>
  <ITXML>
    <it_code>2592</it_code>
    <it_name>A TP REG 200</it_name>
    <it_desc />
    <rate>1.00</rate>
    <group>Paste</group>
    <u_qty>72</u_qty>
  </ITXML>
  <ITXML>
    <it_code>2593</it_code>
    <it_name>A TP STR 200                                      </it_name>
    <it_desc />
    <rate>34.38</rate>
    <group>Paste                                             </group>
    <u_qty>72</u_qty>
  </ITXML>
  <ITXML>
    <it_code>2594</it_code>
    <it_name>A TP STR 100                                      </it_name>
    <it_desc />
    <rate>19.71</rate>
    <group>Paste                                             </group>
    <u_qty>144</u_qty>
  </ITXML>
  <ITXML>
    <it_code>2595</it_code>
    <it_name>A TP STR 50                                       </it_name>
    <it_desc />
    <rate>11.32</rate>
    <group>Paste                                             </group>
    <u_qty>288</u_qty>
  </ITXML>
  <ITXML>
    <it_code>2596</it_code>
    <it_name>A TP STR 25</it_name>
    <it_desc />
    <rate>1.00</rate>
    <group>Paste</group>
    <u_qty>800</u_qty>
  </ITXML>
  <ITXML>
    <it_code>2597</it_code>
    <it_name>A TP STR TP                                       </it_name>
    <it_desc />
    <rate>11.32</rate>
    <group>Paste                                             </group>
    <u_qty>336</u_qty>
  </ITXML>
  <ITXML>
    <it_code>2598</it_code>
    <it_name>A TP WHT 190                                      </it_name>
    <it_desc />
    <rate>12.25</rate>
    <group>Paste                                             </group>
    <u_qty>108</u_qty>
  </ITXML>
  <ITXML>
    <it_code>2599</it_code>
    <it_name>A TP WHT 190B                                     </it_name>
    <it_desc />
    <rate>17.19</rate>
    <group>Paste                                             </group>
    <u_qty>96</u_qty>
  </ITXML>
  <ITXML>
    <it_code>2600</it_code>
    <it_name>A TP WHT 200                                      </it_name>
    <it_desc />
    <rate>0.00</rate>
    <group>Paste                                             </group>
    <u_qty>72</u_qty>
  </ITXML>
  <ITXML>
    <it_code>2601</it_code>
    <it_name>A TP WHT 30                                       </it_name>
    <it_desc />
    <rate>3.10</rate>
    <group>Paste                                             </group>
    <u_qty>576</u_qty>
  </ITXML>
  <ITXML>
    <it_code>2602</it_code>
    <it_name>A TP WHT 90                                       </it_name>
    <it_desc />
    <rate>10.06</rate>
    <group>Paste                                             </group>
    <u_qty>144</u_qty>
  </ITXML>
  <ITXML>
    <it_code>2603</it_code>
    <it_name>A TP WHT 50                                       </it_name>
    <it_desc />
    <rate>5.87</rate>
    <group>Paste                                             </group>
    <u_qty>288</u_qty>
  </ITXML>
  <ITXML>
    <it_code>2604</it_code>
    <it_name>A PD 50                                           </it_name>
    <it_desc />
    <rate>0.00</rate>
    <group>Powder                                            </group>
    <u_qty>240</u_qty>
  </ITXML>
  <ITXML>
    <it_code>2605</it_code>
    <it_name>A GET 25 (NEW)                                    </it_name>
    <it_desc />
    <rate>20.41</rate>
    <group>Get Up                                            </group>
    <u_qty>288</u_qty>
  </ITXML>
  <ITXML>
    <it_code>2606</it_code>
    <it_name>A BLM 10                                          </it_name>
    <it_desc />
    <rate>11.34</rate>
    <group>Balm                                              </group>
    <u_qty>216</u_qty>
  </ITXML>
  <ITXML>
    <it_code>2607</it_code>
    <it_name>A CURVY                                           </it_name>
    <it_desc />
    <rate>4.19</rate>
    <group>Brush                                             </group>
    <u_qty>432</u_qty>
  </ITXML>
  <ITXML>
    <it_code>2608</it_code>
    <it_name>A FLEXI                                           </it_name>
    <it_desc />
    <rate>5.03</rate>
    <group>Brush                                             </group>
    <u_qty>432</u_qty>
  </ITXML>
  <ITXML>
    <it_code>2609</it_code>
    <it_name>A SUPER                                           </it_name>
    <it_desc />
    <rate>6.29</rate>
    <group>Brush                                             </group>
    <u_qty>432</u_qty>
  </ITXML>
  <ITXML>
    <it_code>2610</it_code>
    <it_name>A PREMIUM                                         </it_name>
    <it_desc />
    <rate>7.55</rate>
    <group>Brush                                             </group>
    <u_qty>432</u_qty>
  </ITXML>
  <ITXML>
    <it_code>2612</it_code>
    <it_name>A BLM 10 (FS)                                     </it_name>
    <it_desc />
    <rate>0.00</rate>
    <group>Balm                                              </group>
    <u_qty>216</u_qty>
  </ITXML>
  <ITXML>
    <it_code>2613</it_code>
    <it_name>A TP PREM 200                                     </it_name>
    <it_desc xml:space="preserve"> </it_desc>
    <rate>37.04</rate>
    <group>Paste                                             </group>
    <u_qty>72</u_qty>
  </ITXML>
  <ITXML>
    <it_code>2615</it_code>
    <it_name>BALM BAG                                          </it_name>
    <it_desc xml:space="preserve"> </it_desc>
    <rate>0.00</rate>
    <group>Balm                                              </group>
    <u_qty>30</u_qty>
  </ITXML>
  <ITXML>
    <it_code>2616</it_code>
    <it_name>A TWISST                                          </it_name>
    <it_desc xml:space="preserve"> </it_desc>
    <rate>7.41</rate>
    <group>Brush                                             </group>
    <u_qty>432</u_qty>
  </ITXML>
  <ITXML>
    <it_code>2617</it_code>
    <it_name>A TP PREM 100                                     </it_name>
    <it_desc xml:space="preserve"> </it_desc>
    <rate>18.96</rate>
    <group>Paste                                             </group>
    <u_qty>144</u_qty>
  </ITXML>
  <ITXML>
    <it_code>2618</it_code>
    <it_name>A SUPREME                                         </it_name>
    <it_desc xml:space="preserve"> </it_desc>
    <rate>7.41</rate>
    <group>Brush                                             </group>
    <u_qty>288</u_qty>
  </ITXML>
  <ITXML>
    <it_code>2619</it_code>
    <it_name>A GET 25                                          </it_name>
    <it_desc xml:space="preserve"> </it_desc>
    <rate>18.00</rate>
    <group>Get Up                                            </group>
    <u_qty>288</u_qty>
  </ITXML>
  <ITXML>
    <it_code>2620</it_code>
    <it_name>A TP PREM 20                                      </it_name>
    <it_desc xml:space="preserve"> </it_desc>
    <rate>2.22</rate>
    <group>Paste                                             </group>
    <u_qty>576</u_qty>
  </ITXML>
  <ITXML>
    <it_code>2622</it_code>
    <it_name>A FLX CARE                                        </it_name>
    <it_desc xml:space="preserve"> </it_desc>
    <rate>5.00</rate>
    <group>Brush                                             </group>
    <u_qty>432</u_qty>
  </ITXML>
  <ITXML>
    <it_code>2623</it_code>
    <it_name>A FLX PLUS                                        </it_name>
    <it_desc xml:space="preserve"> </it_desc>
    <rate>5.00</rate>
    <group>Brush                                             </group>
    <u_qty>432</u_qty>
  </ITXML>
  <ITXML>
    <it_code>2624</it_code>
    <it_name>A CLOVE GEL 40                                    </it_name>
    <it_desc xml:space="preserve"> </it_desc>
    <rate>10.06</rate>
    <group>Paste                                             </group>
    <u_qty>288</u_qty>
  </ITXML>
  <ITXML>
    <it_code>2625</it_code>
    <it_name>A CLOVE GEL 150                                   </it_name>
    <it_desc xml:space="preserve"> </it_desc>
    <rate>10.06</rate>
    <group>Paste                                             </group>
    <u_qty>72</u_qty>
  </ITXML>
  <ITXML>
    <it_code>2626</it_code>
    <it_name>A  FAMILY PACK                                    </it_name>
    <it_desc xml:space="preserve"> </it_desc>
    <rate>25.14</rate>
    <group>Brush                                             </group>
    <u_qty>108</u_qty>
  </ITXML>
  <ITXML>
    <it_code>2627</it_code>
    <it_name>A INHALER                                         </it_name>
    <it_desc xml:space="preserve"> </it_desc>
    <rate>0.00</rate>
    <group>Balm                                              </group>
    <u_qty>360</u_qty>
  </ITXML>
  <ITXML>
    <it_code>2628</it_code>
    <it_name>A TP WHT 100                                      </it_name>
    <it_desc xml:space="preserve"> </it_desc>
    <rate>10.06</rate>
    <group>Paste                                             </group>
    <u_qty>144</u_qty>
  </ITXML>
  <ITXML>
    <it_code>2629</it_code>
    <it_name>A CLOVE GEL 80                                    </it_name>
    <it_desc xml:space="preserve"> </it_desc>
    <rate>10.50</rate>
    <group>Paste                                             </group>
    <u_qty>144</u_qty>
  </ITXML>
  <ITXML>
    <it_code>2630</it_code>
    <it_name>A GET PLAYING CARD                                </it_name>
    <it_desc xml:space="preserve"> </it_desc>
    <rate>0.00</rate>
    <group>Paste                                             </group>
    <u_qty>120</u_qty>
  </ITXML>
  <ITXML>
    <it_code>2631</it_code>
    <it_name>PREM RED BAG                                      </it_name>
    <it_desc xml:space="preserve"> </it_desc>
    <rate>0.00</rate>
    <group>Paste                                             </group>
    <u_qty>1</u_qty>
  </ITXML>
  <ITXML>
    <it_code>2632</it_code>
    <it_name>WHT RED-BLUE BAG                                  </it_name>
    <it_desc xml:space="preserve"> </it_desc>
    <rate>0.00</rate>
    <group>Paste                                             </group>
    <u_qty>1</u_qty>
  </ITXML>
  <ITXML>
    <it_code>2633</it_code>
    <it_name>JHOLA BAG                                         </it_name>
    <it_desc xml:space="preserve"> </it_desc>
    <rate>0.00</rate>
    <group>Paste                                             </group>
    <u_qty>1</u_qty>
  </ITXML>
  <ITXML>
    <it_code>2634</it_code>
    <it_name>GET GREEN BAG                                     </it_name>
    <it_desc xml:space="preserve"> </it_desc>
    <rate>0.00</rate>
    <group>Paste                                             </group>
    <u_qty>1</u_qty>
  </ITXML>
  <ITXML>
    <it_code>2635</it_code>
    <it_name>CAP                                               </it_name>
    <it_desc xml:space="preserve"> </it_desc>
    <rate>0.00</rate>
    <group>Paste                                             </group>
    <u_qty>1</u_qty>
  </ITXML>
  <ITXML>
    <it_code>2636</it_code>
    <it_name>LIGHTS                                            </it_name>
    <it_desc xml:space="preserve"> </it_desc>
    <rate>0.00</rate>
    <group>Paste                                             </group>
    <u_qty>1</u_qty>
  </ITXML>
  <ITXML>
    <it_code>2637</it_code>
    <it_name>A TP WHT 25                                       </it_name>
    <it_desc xml:space="preserve"> </it_desc>
    <rate>3.00</rate>
    <group>Paste                                             </group>
    <u_qty>576</u_qty>
  </ITXML>
  <ITXML>
    <it_code>2638</it_code>
    <it_name>A BLM 1.2                                         </it_name>
    <it_desc xml:space="preserve"> </it_desc>
    <rate>1.02</rate>
    <group>Balm                                              </group>
    <u_qty>1200</u_qty>
  </ITXML>
  <ITXML>
    <it_code>2639</it_code>
    <it_name>A TP WHT 100B                                     </it_name>
    <it_desc xml:space="preserve"> </it_desc>
    <rate>10.50</rate>
    <group>Paste                                             </group>
    <u_qty>144</u_qty>
  </ITXML>
  <ITXML>
    <it_code>2640</it_code>
    <it_name>A BABY CRYSTAL                                    </it_name>
    <it_desc xml:space="preserve"> </it_desc>
    <rate>2.70</rate>
    <group>Paste                                             </group>
    <u_qty>432</u_qty>
  </ITXML>
  <ITXML>
    <it_code>2641</it_code>
    <it_name>A TP WHT 200 (MRP-25/-)                           </it_name>
    <it_desc xml:space="preserve"> </it_desc>
    <rate>13.75</rate>
    <group>Paste                                             </group>
    <u_qty>72</u_qty>
  </ITXML>
  <ITXML>
    <it_code>2642</it_code>
    <it_name>KADAI                                             </it_name>
    <it_desc xml:space="preserve"> </it_desc>
    <rate>0.00</rate>
    <group>Paste                                             </group>
    <u_qty>1</u_qty>
  </ITXML>
  <ITXML>
    <it_code>2643</it_code>
    <it_name>TIRANGA BAG                                       </it_name>
    <it_desc xml:space="preserve"> </it_desc>
    <rate>0.00</rate>
    <group>Paste                                             </group>
    <u_qty>1</u_qty>
  </ITXML>
  <ITXML>
    <it_code>2644</it_code>
    <it_name>A ULTRAGRIP                                       </it_name>
    <it_desc xml:space="preserve"> </it_desc>
    <rate>6.75</rate>
    <group>Brush                                             </group>
    <u_qty>432</u_qty>
  </ITXML>
</NewDataSet>