<?xml version="1.0" encoding="UTF-8"?><?xml-stylesheet type='text/xsl' href='_UpgradeReport_Files/UpgradeReport.xslt'?><UpgradeLog>
<Properties><Property Name="Solution" Value="DadosCharts">
</Property><Property Name="Solution File" Value="C:\Users\shrikant\Desktop\DadosCharts_projectFiles_rar\DadosCharts\DadosCharts.sln">
</Property><Property Name="User Options File" Value="C:\Users\shrikant\Desktop\DadosCharts_projectFiles_rar\DadosCharts\DadosCharts.suo">
</Property><Property Name="Date" Value="December 24 2014">
</Property><Property Name="Time" Value="18:12">
</Property></Properties><Event ErrorLevel="0" Project="" Source="DadosCharts.sln" Description="File successfully backed up as C:\Users\shrikant\Desktop\DadosCharts_projectFiles_rar\DadosCharts\Backup\DadosCharts.sln">
</Event><Event ErrorLevel="0" Project="" Source="DadosCharts.suo" Description="File successfully backed up as C:\Users\shrikant\Desktop\DadosCharts_projectFiles_rar\DadosCharts\Backup\DadosCharts.suo">
</Event><Event ErrorLevel="0" Project="DadosCharts" Source="DadosCharts\DadosCharts.csproj" Description="Project file successfully backed up as C:\Users\shrikant\Desktop\DadosCharts_projectFiles_rar\DadosCharts\Backup\DadosCharts\DadosCharts.csproj">
</Event><Event ErrorLevel="0" Project="DadosCharts" Source="DadosCharts\DadosCharts.csproj.user" Description="Project user file successfully backed up as C:\Users\shrikant\Desktop\DadosCharts_projectFiles_rar\DadosCharts\Backup\DadosCharts\DadosCharts.csproj.user">
</Event><Event ErrorLevel="0" Project="DadosCharts" Source="DadosCharts\ChartsMain.cs" Description="File successfully backed up as C:\Users\shrikant\Desktop\DadosCharts_projectFiles_rar\DadosCharts\Backup\DadosCharts\ChartsMain.cs">
</Event><Event ErrorLevel="0" Project="DadosCharts" Source="DadosCharts\ChartsMain.Designer.cs" Description="File successfully backed up as C:\Users\shrikant\Desktop\DadosCharts_projectFiles_rar\DadosCharts\Backup\DadosCharts\ChartsMain.Designer.cs">
</Event><Event ErrorLevel="0" Project="DadosCharts" Source="DadosCharts\Class1.cs" Description="File successfully backed up as C:\Users\shrikant\Desktop\DadosCharts_projectFiles_rar\DadosCharts\Backup\DadosCharts\Class1.cs">
</Event><Event ErrorLevel="0" Project="DadosCharts" Source="DadosCharts\Loading.cs" Description="File successfully backed up as C:\Users\shrikant\Desktop\DadosCharts_projectFiles_rar\DadosCharts\Backup\DadosCharts\Loading.cs">
</Event><Event ErrorLevel="0" Project="DadosCharts" Source="DadosCharts\Loading.designer.cs" Description="File successfully backed up as C:\Users\shrikant\Desktop\DadosCharts_projectFiles_rar\DadosCharts\Backup\DadosCharts\Loading.designer.cs">
</Event><Event ErrorLevel="0" Project="DadosCharts" Source="DadosCharts\Program.cs" Description="File successfully backed up as C:\Users\shrikant\Desktop\DadosCharts_projectFiles_rar\DadosCharts\Backup\DadosCharts\Program.cs">
</Event><Event ErrorLevel="0" Project="DadosCharts" Source="DadosCharts\Properties\AssemblyInfo.cs" Description="File successfully backed up as C:\Users\shrikant\Desktop\DadosCharts_projectFiles_rar\DadosCharts\Backup\DadosCharts\Properties\AssemblyInfo.cs">
</Event><Event ErrorLevel="0" Project="DadosCharts" Source="DadosCharts\Properties\Resources.Designer.cs" Description="File successfully backed up as C:\Users\shrikant\Desktop\DadosCharts_projectFiles_rar\DadosCharts\Backup\DadosCharts\Properties\Resources.Designer.cs">
</Event><Event ErrorLevel="0" Project="DadosCharts" Source="DadosCharts\Properties\Settings.Designer.cs" Description="File successfully backed up as C:\Users\shrikant\Desktop\DadosCharts_projectFiles_rar\DadosCharts\Backup\DadosCharts\Properties\Settings.Designer.cs">
</Event><Event ErrorLevel="0" Project="DadosCharts" Source="DadosCharts\SendMail.cs" Description="File successfully backed up as C:\Users\shrikant\Desktop\DadosCharts_projectFiles_rar\DadosCharts\Backup\DadosCharts\SendMail.cs">
</Event><Event ErrorLevel="0" Project="DadosCharts" Source="DadosCharts\SendMail.designer.cs" Description="File successfully backed up as C:\Users\shrikant\Desktop\DadosCharts_projectFiles_rar\DadosCharts\Backup\DadosCharts\SendMail.designer.cs">
</Event><Event ErrorLevel="0" Project="DadosCharts" Source="DadosCharts\Properties\Settings.settings" Description="File successfully backed up as C:\Users\shrikant\Desktop\DadosCharts_projectFiles_rar\DadosCharts\Backup\DadosCharts\Properties\Settings.settings">
</Event><Event ErrorLevel="0" Project="DadosCharts" Source="DadosCharts\App.config" Description="File successfully backed up as C:\Users\shrikant\Desktop\DadosCharts_projectFiles_rar\DadosCharts\Backup\DadosCharts\App.config">
</Event><Event ErrorLevel="0" Project="DadosCharts" Source="DadosCharts\Resources\CHART2.ICO" Description="File successfully backed up as C:\Users\shrikant\Desktop\DadosCharts_projectFiles_rar\DadosCharts\Backup\DadosCharts\Resources\CHART2.ICO">
</Event><Event ErrorLevel="0" Project="DadosCharts" Source="DadosCharts\0118.ico" Description="File successfully backed up as C:\Users\shrikant\Desktop\DadosCharts_projectFiles_rar\DadosCharts\Backup\DadosCharts\0118.ico">
</Event><Event ErrorLevel="0" Project="DadosCharts" Source="DadosCharts\ChartsMain.resx" Description="File successfully backed up as C:\Users\shrikant\Desktop\DadosCharts_projectFiles_rar\DadosCharts\Backup\DadosCharts\ChartsMain.resx">
</Event><Event ErrorLevel="0" Project="DadosCharts" Source="DadosCharts\Loading.resx" Description="File successfully backed up as C:\Users\shrikant\Desktop\DadosCharts_projectFiles_rar\DadosCharts\Backup\DadosCharts\Loading.resx">
</Event><Event ErrorLevel="0" Project="DadosCharts" Source="DadosCharts\Properties\licenses.licx" Description="File successfully backed up as C:\Users\shrikant\Desktop\DadosCharts_projectFiles_rar\DadosCharts\Backup\DadosCharts\Properties\licenses.licx">
</Event><Event ErrorLevel="0" Project="DadosCharts" Source="DadosCharts\Properties\Resources.resx" Description="File successfully backed up as C:\Users\shrikant\Desktop\DadosCharts_projectFiles_rar\DadosCharts\Backup\DadosCharts\Properties\Resources.resx">
</Event><Event ErrorLevel="0" Project="DadosCharts" Source="DadosCharts\SendMail.resx" Description="File successfully backed up as C:\Users\shrikant\Desktop\DadosCharts_projectFiles_rar\DadosCharts\Backup\DadosCharts\SendMail.resx">
</Event><Event ErrorLevel="0" Project="DadosCharts" Source="DadosCharts\DadosCharts.csproj" Description="Project converted successfully">
</Event><Event ErrorLevel="3" Project="DadosCharts" Source="DadosCharts\DadosCharts.csproj" Description="Converted">
</Event><Event ErrorLevel="0" Project="CryptoLib" Source="CryptoLib\CryptoLib.csproj" Description="Project file successfully backed up as C:\Users\shrikant\Desktop\DadosCharts_projectFiles_rar\DadosCharts\Backup\CryptoLib\CryptoLib.csproj">
</Event><Event ErrorLevel="0" Project="CryptoLib" Source="CryptoLib\CryptoConn.cs" Description="File successfully backed up as C:\Users\shrikant\Desktop\DadosCharts_projectFiles_rar\DadosCharts\Backup\CryptoLib\CryptoConn.cs">
</Event><Event ErrorLevel="0" Project="CryptoLib" Source="CryptoLib\CryptoLib.cs" Description="File successfully backed up as C:\Users\shrikant\Desktop\DadosCharts_projectFiles_rar\DadosCharts\Backup\CryptoLib\CryptoLib.cs">
</Event><Event ErrorLevel="0" Project="CryptoLib" Source="CryptoLib\Properties\AssemblyInfo.cs" Description="File successfully backed up as C:\Users\shrikant\Desktop\DadosCharts_projectFiles_rar\DadosCharts\Backup\CryptoLib\Properties\AssemblyInfo.cs">
</Event><Event ErrorLevel="0" Project="CryptoLib" Source="CryptoLib\CryptoLib.csproj" Description="Project converted successfully">
</Event><Event ErrorLevel="3" Project="CryptoLib" Source="CryptoLib\CryptoLib.csproj" Description="Converted">
</Event><Event ErrorLevel="0" Project="Charts.DAL" Source="Charts.DAL\Charts.DAL.csproj" Description="Project file successfully backed up as C:\Users\shrikant\Desktop\DadosCharts_projectFiles_rar\DadosCharts\Backup\Charts.DAL\Charts.DAL.csproj">
</Event><Event ErrorLevel="0" Project="Charts.DAL" Source="Charts.DAL\Common.cs" Description="File successfully backed up as C:\Users\shrikant\Desktop\DadosCharts_projectFiles_rar\DadosCharts\Backup\Charts.DAL\Common.cs">
</Event><Event ErrorLevel="0" Project="Charts.DAL" Source="Charts.DAL\DBConnections.cs" Description="File successfully backed up as C:\Users\shrikant\Desktop\DadosCharts_projectFiles_rar\DadosCharts\Backup\Charts.DAL\DBConnections.cs">
</Event><Event ErrorLevel="0" Project="Charts.DAL" Source="Charts.DAL\DBOperations.cs" Description="File successfully backed up as C:\Users\shrikant\Desktop\DadosCharts_projectFiles_rar\DadosCharts\Backup\Charts.DAL\DBOperations.cs">
</Event><Event ErrorLevel="0" Project="Charts.DAL" Source="Charts.DAL\Interfaces\IDBOperations.cs" Description="File successfully backed up as C:\Users\shrikant\Desktop\DadosCharts_projectFiles_rar\DadosCharts\Backup\Charts.DAL\Interfaces\IDBOperations.cs">
</Event><Event ErrorLevel="0" Project="Charts.DAL" Source="Charts.DAL\Interfaces\ICommon.cs" Description="File successfully backed up as C:\Users\shrikant\Desktop\DadosCharts_projectFiles_rar\DadosCharts\Backup\Charts.DAL\Interfaces\ICommon.cs">
</Event><Event ErrorLevel="0" Project="Charts.DAL" Source="Charts.DAL\Properties\AssemblyInfo.cs" Description="File successfully backed up as C:\Users\shrikant\Desktop\DadosCharts_projectFiles_rar\DadosCharts\Backup\Charts.DAL\Properties\AssemblyInfo.cs">
</Event><Event ErrorLevel="0" Project="Charts.DAL" Source="Charts.DAL\Charts.DAL.csproj" Description="Project converted successfully">
</Event><Event ErrorLevel="3" Project="Charts.DAL" Source="Charts.DAL\Charts.DAL.csproj" Description="Converted">
</Event><Event ErrorLevel="0" Project="Charts.BAL" Source="Charts.BAL\Charts.BAL.csproj" Description="Project file successfully backed up as C:\Users\shrikant\Desktop\DadosCharts_projectFiles_rar\DadosCharts\Backup\Charts.BAL\Charts.BAL.csproj">
</Event><Event ErrorLevel="0" Project="Charts.BAL" Source="Charts.BAL\Common.cs" Description="File successfully backed up as C:\Users\shrikant\Desktop\DadosCharts_projectFiles_rar\DadosCharts\Backup\Charts.BAL\Common.cs">
</Event><Event ErrorLevel="0" Project="Charts.BAL" Source="Charts.BAL\CommonInfo.cs" Description="File successfully backed up as C:\Users\shrikant\Desktop\DadosCharts_projectFiles_rar\DadosCharts\Backup\Charts.BAL\CommonInfo.cs">
</Event><Event ErrorLevel="0" Project="Charts.BAL" Source="Charts.BAL\DBOperations.cs" Description="File successfully backed up as C:\Users\shrikant\Desktop\DadosCharts_projectFiles_rar\DadosCharts\Backup\Charts.BAL\DBOperations.cs">
</Event><Event ErrorLevel="0" Project="Charts.BAL" Source="Charts.BAL\Properties\AssemblyInfo.cs" Description="File successfully backed up as C:\Users\shrikant\Desktop\DadosCharts_projectFiles_rar\DadosCharts\Backup\Charts.BAL\Properties\AssemblyInfo.cs">
</Event><Event ErrorLevel="0" Project="Charts.BAL" Source="Charts.BAL\Charts.BAL.csproj" Description="Project converted successfully">
</Event><Event ErrorLevel="3" Project="Charts.BAL" Source="Charts.BAL\Charts.BAL.csproj" Description="Converted">
</Event><Event ErrorLevel="0" Project="DadosChartsSetup.vdproj" Source="DadosChartsSetup\DadosChartsSetup.vdproj" Description="Project file successfully backed up as C:\Users\shrikant\Desktop\DadosCharts_projectFiles_rar\DadosCharts\Backup\DadosChartsSetup\DadosChartsSetup.vdproj">
</Event><Event ErrorLevel="0" Project="DadosChartsMergeModule.vdproj" Source="DadosChartsMergeModule\DadosChartsMergeModule.vdproj" Description="Project file successfully backed up as C:\Users\shrikant\Desktop\DadosCharts_projectFiles_rar\DadosCharts\Backup\DadosChartsMergeModule\DadosChartsMergeModule.vdproj">
</Event><Event ErrorLevel="0" Project="" Source="DadosCharts.sln" Description="Solution converted successfully">
</Event><Event ErrorLevel="3" Project="" Source="DadosCharts.sln" Description="Converted">
</Event><Event ErrorLevel="0" Project="DadosCharts" Source="DadosCharts\DadosCharts.csproj" Description="Scan complete: Upgrade not required for project files.">
</Event><Event ErrorLevel="0" Project="CryptoLib" Source="CryptoLib\CryptoLib.csproj" Description="Scan complete: Upgrade not required for project files.">
</Event><Event ErrorLevel="0" Project="Charts.DAL" Source="Charts.DAL\Charts.DAL.csproj" Description="Scan complete: Upgrade not required for project files.">
</Event><Event ErrorLevel="0" Project="Charts.BAL" Source="Charts.BAL\Charts.BAL.csproj" Description="Scan complete: Upgrade not required for project files.">
</Event></UpgradeLog>