<?xml version="1.0" standalone="yes"?>
<NewDataSet>
  <ITXML>
    <it_code>1</it_code>
    <it_name>EXCISE MANUFACTURING                              </it_name>
    <it_desc>&#x0;</it_desc>
    <rate>15000.00</rate>
    <group xml:space="preserve">                                                  </group>
  </ITXML>
  <ITXML>
    <it_code>2</it_code>
    <it_name>MYUDYOG.COM ONE YEAR                              </it_name>
    <it_desc>&#x0;</it_desc>
    <rate>0.00</rate>
    <group xml:space="preserve">                                                  </group>
  </ITXML>
  <ITXML>
    <it_code>3</it_code>
    <it_name>UDYOG Enterprise Accounting                       </it_name>
    <it_desc>&#x0;</it_desc>
    <rate>0.00</rate>
    <group xml:space="preserve">                                                  </group>
  </ITXML>
  <ITXML>
    <it_code>4</it_code>
    <it_name>UDYOG Inventory                                   </it_name>
    <it_desc>&#x0;</it_desc>
    <rate>0.00</rate>
    <group xml:space="preserve">                                                  </group>
  </ITXML>
  <ITXML>
    <it_code>5</it_code>
    <it_name>UDYOG Multi Branch Merging                        </it_name>
    <it_desc>&#x0;</it_desc>
    <rate>0.00</rate>
    <group xml:space="preserve">                                                  </group>
  </ITXML>
  <ITXML>
    <it_code>6</it_code>
    <it_name>WEB DESINGING                                     </it_name>
    <it_desc>&#x0;</it_desc>
    <rate>0.00</rate>
    <group xml:space="preserve">                                                  </group>
  </ITXML>
  <ITXML>
    <it_code>7</it_code>
    <it_name>WEB HOSTING CHARGES                               </it_name>
    <it_desc>&#x0;</it_desc>
    <rate>0.00</rate>
    <group xml:space="preserve">                                                  </group>
  </ITXML>
  <ITXML>
    <it_code>8</it_code>
    <it_name>VISUAL UDYOG Enterprise Accounting</it_name>
    <it_desc />
    <rate>1.00</rate>
    <group>VISUAL UDYOG</group>
  </ITXML>
  <ITXML>
    <it_code>9</it_code>
    <it_name>VISUAL UDYOG Inventory                            </it_name>
    <it_desc />
    <rate>0.00</rate>
    <group>VISUAL UDYOG                                      </group>
  </ITXML>
  <ITXML>
    <it_code>10</it_code>
    <it_name>VISUAL UDYOG Order Processing                     </it_name>
    <it_desc />
    <rate>0.00</rate>
    <group>VISUAL UDYOG                                      </group>
  </ITXML>
  <ITXML>
    <it_code>11</it_code>
    <it_name>VISUAL UDYOG Excise Manufacturing                 </it_name>
    <it_desc>&#x0;</it_desc>
    <rate>0.00</rate>
    <group>VISUAL UDYOG                                      </group>
  </ITXML>
  <ITXML>
    <it_code>12</it_code>
    <it_name>VISUAL UDYOG Export Documentation                 </it_name>
    <it_desc />
    <rate>0.00</rate>
    <group>VISUAL UDYOG                                      </group>
  </ITXML>
  <ITXML>
    <it_code>13</it_code>
    <it_name>DATA CONVERSION PROGRAMM                          </it_name>
    <it_desc>




&#x0;</it_desc>
    <rate>0.00</rate>
    <group xml:space="preserve">                                                  </group>
  </ITXML>
  <ITXML>
    <it_code>14</it_code>
    <it_name>UDYOG Order Processing                            </it_name>
    <it_desc>&#x0;</it_desc>
    <rate>0.00</rate>
    <group xml:space="preserve">                                                  </group>
  </ITXML>
  <ITXML>
    <it_code>15</it_code>
    <it_name>CD With Cover                                     </it_name>
    <it_desc>&#x0;</it_desc>
    <rate>0.00</rate>
    <group xml:space="preserve">                                                  </group>
  </ITXML>
  <ITXML>
    <it_code>16</it_code>
    <it_name>Marker Pen                                        </it_name>
    <it_desc>&#x0;</it_desc>
    <rate>0.00</rate>
    <group xml:space="preserve">                                                  </group>
  </ITXML>
  <ITXML>
    <it_code>17</it_code>
    <it_name>Pins                                              </it_name>
    <it_desc>&#x0;</it_desc>
    <rate>0.00</rate>
    <group xml:space="preserve">                                                  </group>
  </ITXML>
  <ITXML>
    <it_code>18</it_code>
    <it_name>Upins                                             </it_name>
    <it_desc>&#x0;</it_desc>
    <rate>0.00</rate>
    <group xml:space="preserve">                                                  </group>
  </ITXML>
  <ITXML>
    <it_code>19</it_code>
    <it_name>Tecker Pins                                       </it_name>
    <it_desc>&#x0;</it_desc>
    <rate>0.00</rate>
    <group xml:space="preserve">                                                  </group>
  </ITXML>
  <ITXML>
    <it_code>20</it_code>
    <it_name>Catridge                                          </it_name>
    <it_desc>&#x0;</it_desc>
    <rate>0.00</rate>
    <group xml:space="preserve">                                                  </group>
  </ITXML>
  <ITXML>
    <it_code>21</it_code>
    <it_name>Stapler                                           </it_name>
    <it_desc>&#x0;</it_desc>
    <rate>0.00</rate>
    <group xml:space="preserve">                                                  </group>
  </ITXML>
  <ITXML>
    <it_code>22</it_code>
    <it_name>Stapler Pins                                      </it_name>
    <it_desc>&#x0;</it_desc>
    <rate>0.00</rate>
    <group xml:space="preserve">                                                  </group>
  </ITXML>
  <ITXML>
    <it_code>23</it_code>
    <it_name>Regsiter Notebook                                 </it_name>
    <it_desc>&#x0;</it_desc>
    <rate>0.00</rate>
    <group xml:space="preserve">                                                  </group>
  </ITXML>
  <ITXML>
    <it_code>24</it_code>
    <it_name>Pencil                                            </it_name>
    <it_desc>&#x0;</it_desc>
    <rate>0.00</rate>
    <group xml:space="preserve">                                                  </group>
  </ITXML>
  <ITXML>
    <it_code>25</it_code>
    <it_name>Eraser                                            </it_name>
    <it_desc>&#x0;</it_desc>
    <rate>0.00</rate>
    <group xml:space="preserve">                                                  </group>
  </ITXML>
  <ITXML>
    <it_code>26</it_code>
    <it_name>Printer Black Ribbon                              </it_name>
    <it_desc>&#x0;</it_desc>
    <rate>0.00</rate>
    <group xml:space="preserve">                                                  </group>
  </ITXML>
  <ITXML>
    <it_code>27</it_code>
    <it_name>SPRING FILE                                       </it_name>
    <it_desc>&#x0;</it_desc>
    <rate>0.00</rate>
    <group xml:space="preserve">                                                  </group>
  </ITXML>
  <ITXML>
    <it_code>28</it_code>
    <it_name>GIGABIT SWITCH                                    </it_name>
    <it_desc>&#x0;</it_desc>
    <rate>0.00</rate>
    <group xml:space="preserve">                                                  </group>
  </ITXML>
  <ITXML>
    <it_code>29</it_code>
    <it_name>CD Without Cover                                  </it_name>
    <it_desc>&#x0;</it_desc>
    <rate>0.00</rate>
    <group xml:space="preserve">                                                  </group>
  </ITXML>
  <ITXML>
    <it_code>30</it_code>
    <it_name>SOFTWARE SERVICE RENDERD                          </it_name>
    <it_desc>&#x0;</it_desc>
    <rate>0.00</rate>
    <group xml:space="preserve">                                                  </group>
  </ITXML>
  <ITXML>
    <it_code>31</it_code>
    <it_name>VISUAL UDYOG Excise Trading                       </it_name>
    <it_desc />
    <rate>0.00</rate>
    <group>VISUAL UDYOG                                      </group>
  </ITXML>
  <ITXML>
    <it_code>32</it_code>
    <it_name>UDYOG Professional Accounting                     </it_name>
    <it_desc>(Single User)&#x0;</it_desc>
    <rate>1.00</rate>
    <group xml:space="preserve">                                                  </group>
  </ITXML>
  <ITXML>
    <it_code>33</it_code>
    <it_name>VISUAL UDYOG Professional Accounting              </it_name>
    <it_desc />
    <rate>1.00</rate>
    <group>VISUAL UDYOG                                      </group>
  </ITXML>
  <ITXML>
    <it_code>34</it_code>
    <it_name>UDYOG Excise Manufacturing                        </it_name>
    <it_desc>&#x0;</it_desc>
    <rate>0.00</rate>
    <group xml:space="preserve">                                                  </group>
  </ITXML>
  <ITXML>
    <it_code>35</it_code>
    <it_name>VISUAL UDYOG Multi Branch Merging Software        </it_name>
    <it_desc />
    <rate>0.00</rate>
    <group>VISUAL UDYOG                                      </group>
  </ITXML>
  <ITXML>
    <it_code>36</it_code>
    <it_name>UDYOG Special Billing Software                    </it_name>
    <it_desc>&#x0;</it_desc>
    <rate>0.00</rate>
    <group xml:space="preserve">                                                  </group>
  </ITXML>
  <ITXML>
    <it_code>37</it_code>
    <it_name>UDYOG Barcoding Software                          </it_name>
    <it_desc>&#x0;</it_desc>
    <rate>0.00</rate>
    <group xml:space="preserve">                                                  </group>
  </ITXML>
  <ITXML>
    <it_code>38</it_code>
    <it_name>UDYOG RETAIL                                      </it_name>
    <it_desc>&#x0;</it_desc>
    <rate>0.00</rate>
    <group xml:space="preserve">                                                  </group>
  </ITXML>
  <ITXML>
    <it_code>39</it_code>
    <it_name>UDYOG Exports Documentation                       </it_name>
    <it_desc>&#x0;</it_desc>
    <rate>0.00</rate>
    <group xml:space="preserve">                                                  </group>
  </ITXML>
  <ITXML>
    <it_code>40</it_code>
    <it_name>CONTACT REPONSE FORM                              </it_name>
    <it_desc>&#x0;</it_desc>
    <rate>0.00</rate>
    <group xml:space="preserve">                                                  </group>
  </ITXML>
  <ITXML>
    <it_code>41</it_code>
    <it_name>AMC CHARGES FOR 1 YEAR                            </it_name>
    <it_desc>&#x0;</it_desc>
    <rate>0.00</rate>
    <group xml:space="preserve">                                                  </group>
  </ITXML>
  <ITXML>
    <it_code>42</it_code>
    <it_name>UDYOG Excise Trading                              </it_name>
    <it_desc>&#x0;</it_desc>
    <rate>0.00</rate>
    <group xml:space="preserve">                                                  </group>
  </ITXML>
  <ITXML>
    <it_code>43</it_code>
    <it_name>VU Production Planning                            </it_name>
    <it_desc>&#x0;</it_desc>
    <rate>60000.00</rate>
    <group xml:space="preserve">                                                  </group>
  </ITXML>
  <ITXML>
    <it_code>44</it_code>
    <it_name>Upgradation of Udyog Excise Manufacturing         </it_name>
    <it_desc>&#x0;</it_desc>
    <rate>0.00</rate>
    <group xml:space="preserve">                                                  </group>
  </ITXML>
  <ITXML>
    <it_code>45</it_code>
    <it_name>UDYOG 2 TALLY Integration Service                 </it_name>
    <it_desc>&#x0;</it_desc>
    <rate>0.00</rate>
    <group xml:space="preserve">                                                  </group>
  </ITXML>
  <ITXML>
    <it_code>46</it_code>
    <it_name>UDYOG Excise for Deem Manufacturer                </it_name>
    <it_desc>&#x0;</it_desc>
    <rate>0.00</rate>
    <group xml:space="preserve">                                                  </group>
  </ITXML>
  <ITXML>
    <it_code>47</it_code>
    <it_name>Visual Udyog Special Billing Package              </it_name>
    <it_desc />
    <rate>0.00</rate>
    <group>VISUAL UDYOG                                      </group>
  </ITXML>
  <ITXML>
    <it_code>48</it_code>
    <it_name>UDYOG Viewer                                      </it_name>
    <it_desc>&#x0;</it_desc>
    <rate>0.00</rate>
    <group xml:space="preserve">                                                  </group>
  </ITXML>
  <ITXML>
    <it_code>49</it_code>
    <it_name>VISUAL UDYOG Excise for Deem Manufacturer         </it_name>
    <it_desc>&#x0;</it_desc>
    <rate>0.00</rate>
    <group xml:space="preserve">                                                  </group>
  </ITXML>
  <ITXML>
    <it_code>50</it_code>
    <it_name>Project Consultancy Charges                       </it_name>
    <it_desc>&#x0;</it_desc>
    <rate>0.00</rate>
    <group xml:space="preserve">                                                  </group>
  </ITXML>
  <ITXML>
    <it_code>51</it_code>
    <it_name>PAYROLL                                           </it_name>
    <it_desc>&#x0;</it_desc>
    <rate>0.00</rate>
    <group xml:space="preserve">                                                  </group>
  </ITXML>
  <ITXML>
    <it_code>52</it_code>
    <it_name>UDYOG Octroi Module                               </it_name>
    <it_desc>&#x0;</it_desc>
    <rate>0.00</rate>
    <group xml:space="preserve">                                                  </group>
  </ITXML>
  <ITXML>
    <it_code>53</it_code>
    <it_name>UDYOG Commercial Invoice                          </it_name>
    <it_desc>&#x0;</it_desc>
    <rate>0.00</rate>
    <group xml:space="preserve">                                                  </group>
  </ITXML>
  <ITXML>
    <it_code>54</it_code>
    <it_name>UDYOG Customisation Report                        </it_name>
    <it_desc>&#x0;</it_desc>
    <rate>0.00</rate>
    <group xml:space="preserve">                                                  </group>
  </ITXML>
  <ITXML>
    <it_code>55</it_code>
    <it_name>Bar Coding                                        </it_name>
    <it_desc>&#x0;</it_desc>
    <rate>0.00</rate>
    <group xml:space="preserve">                                                  </group>
  </ITXML>
  <ITXML>
    <it_code>56</it_code>
    <it_name>DOMAIN NAME REGISTRATION CHARGES                  </it_name>
    <it_desc>&#x0;</it_desc>
    <rate>0.00</rate>
    <group xml:space="preserve">                                                  </group>
  </ITXML>
  <ITXML>
    <it_code>57</it_code>
    <it_name>CUSTOMISED PROGRAM                                </it_name>
    <it_desc>&#x0;</it_desc>
    <rate>0.00</rate>
    <group xml:space="preserve">                                                  </group>
  </ITXML>
  <ITXML>
    <it_code>58</it_code>
    <it_name>New Reports                                       </it_name>
    <it_desc>&#x0;</it_desc>
    <rate>0.00</rate>
    <group xml:space="preserve">                                                  </group>
  </ITXML>
  <ITXML>
    <it_code>59</it_code>
    <it_name>UDYOG Integration                                 </it_name>
    <it_desc>&#x0;</it_desc>
    <rate>0.00</rate>
    <group xml:space="preserve">                                                  </group>
  </ITXML>
  <ITXML>
    <it_code>60</it_code>
    <it_name>Tele Marketing Software                           </it_name>
    <it_desc>&#x0;</it_desc>
    <rate>0.00</rate>
    <group xml:space="preserve">                                                  </group>
  </ITXML>
  <ITXML>
    <it_code>61</it_code>
    <it_name>VISUAL UDYOG Barcoding Software                   </it_name>
    <it_desc />
    <rate>0.00</rate>
    <group>VISUAL UDYOG                                      </group>
  </ITXML>
  <ITXML>
    <it_code>62</it_code>
    <it_name>SHOPPE VASTRA SOFTWARE                            </it_name>
    <it_desc>&#x0;</it_desc>
    <rate>0.00</rate>
    <group xml:space="preserve">                                                  </group>
  </ITXML>
  <ITXML>
    <it_code>63</it_code>
    <it_name>DATA CORRECTION                                   </it_name>
    <it_desc>&#x0;</it_desc>
    <rate>0.00</rate>
    <group xml:space="preserve">                                                  </group>
  </ITXML>
  <ITXML>
    <it_code>64</it_code>
    <it_name>System Study                                      </it_name>
    <it_desc>&#x0;</it_desc>
    <rate>0.00</rate>
    <group xml:space="preserve">                                                  </group>
  </ITXML>
  <ITXML>
    <it_code>65</it_code>
    <it_name>Demo                                              </it_name>
    <it_desc>&#x0;</it_desc>
    <rate>0.00</rate>
    <group xml:space="preserve">                                                  </group>
  </ITXML>
  <ITXML>
    <it_code>66</it_code>
    <it_name>Outstanding Problem                               </it_name>
    <it_desc>&#x0;</it_desc>
    <rate>0.00</rate>
    <group xml:space="preserve">                                                  </group>
  </ITXML>
  <ITXML>
    <it_code>67</it_code>
    <it_name>Year End                                          </it_name>
    <it_desc>&#x0;</it_desc>
    <rate>0.00</rate>
    <group xml:space="preserve">                                                  </group>
  </ITXML>
  <ITXML>
    <it_code>68</it_code>
    <it_name>Item Deletion                                     </it_name>
    <it_desc>&#x0;</it_desc>
    <rate>0.00</rate>
    <group xml:space="preserve">                                                  </group>
  </ITXML>
  <ITXML>
    <it_code>69</it_code>
    <it_name>Due date                                          </it_name>
    <it_desc>&#x0;</it_desc>
    <rate>0.00</rate>
    <group xml:space="preserve">                                                  </group>
  </ITXML>
  <ITXML>
    <it_code>70</it_code>
    <it_name>Dos Customization                                 </it_name>
    <it_desc>&#x0;</it_desc>
    <rate>0.00</rate>
    <group xml:space="preserve">                                                  </group>
  </ITXML>
  <ITXML>
    <it_code>71</it_code>
    <it_name>Data  Import                                      </it_name>
    <it_desc>&#x0;</it_desc>
    <rate>0.00</rate>
    <group xml:space="preserve">                                                  </group>
  </ITXML>
  <ITXML>
    <it_code>72</it_code>
    <it_name>UDYOG One Additional Company                      </it_name>
    <it_desc>&#x0;</it_desc>
    <rate>0.00</rate>
    <group xml:space="preserve">                                                  </group>
  </ITXML>
  <ITXML>
    <it_code>73</it_code>
    <it_name>Data Reconciliation                               </it_name>
    <it_desc>&#x0;</it_desc>
    <rate>0.00</rate>
    <group xml:space="preserve">                                                  </group>
  </ITXML>
  <ITXML>
    <it_code>74</it_code>
    <it_name>Documentation                                     </it_name>
    <it_desc>&#x0;</it_desc>
    <rate>0.00</rate>
    <group xml:space="preserve">                                                  </group>
  </ITXML>
  <ITXML>
    <it_code>75</it_code>
    <it_name>P3/800, 810 MB, 195 RAM, 1.44 MB FDD, 20 GB HDD,  </it_name>
    <it_desc>&#x0;</it_desc>
    <rate>0.00</rate>
    <group xml:space="preserve">                                                  </group>
  </ITXML>
  <ITXML>
    <it_code>76</it_code>
    <it_name>Sales Data Export Utility                         </it_name>
    <it_desc>&#x0;</it_desc>
    <rate>0.00</rate>
    <group xml:space="preserve">                                                  </group>
  </ITXML>
  <ITXML>
    <it_code>77</it_code>
    <it_name>Department Transffer                              </it_name>
    <it_desc>&#x0;</it_desc>
    <rate>0.00</rate>
    <group xml:space="preserve">                                                  </group>
  </ITXML>
  <ITXML>
    <it_code>78</it_code>
    <it_name>VISUAL UDYOG CUSTOMIZATION REPORT                 </it_name>
    <it_desc />
    <rate>0.00</rate>
    <group>VISUAL UDYOG                                      </group>
  </ITXML>
  <ITXML>
    <it_code>79</it_code>
    <it_name>Training Charges                                  </it_name>
    <it_desc>&#x0;</it_desc>
    <rate>0.00</rate>
    <group xml:space="preserve">                                                  </group>
  </ITXML>
  <ITXML>
    <it_code>80</it_code>
    <it_name>TANKHWA                                           </it_name>
    <it_desc>&#x0;</it_desc>
    <rate>0.00</rate>
    <group xml:space="preserve">                                                  </group>
  </ITXML>
  <ITXML>
    <it_code>81</it_code>
    <it_name>VISUAL UDYOG CUSTOMIZATION MODULE                 </it_name>
    <it_desc />
    <rate>0.00</rate>
    <group>VISUAL UDYOG                                      </group>
  </ITXML>
  <ITXML>
    <it_code>82</it_code>
    <it_name>1 KEY REPORT                                      </it_name>
    <it_desc>&#x0;</it_desc>
    <rate>0.00</rate>
    <group xml:space="preserve">                                                  </group>
  </ITXML>
  <ITXML>
    <it_code>83</it_code>
    <it_name>Presentation Preparation                          </it_name>
    <it_desc>&#x0;</it_desc>
    <rate>0.00</rate>
    <group xml:space="preserve">                                                  </group>
  </ITXML>
  <ITXML>
    <it_code>84</it_code>
    <it_name>VASTRA - RETAIL CHAIN SOFTWARE                    </it_name>
    <it_desc>&#x0;</it_desc>
    <rate>0.00</rate>
    <group xml:space="preserve">                                                  </group>
  </ITXML>
  <ITXML>
    <it_code>85</it_code>
    <it_name>Mother Board                                      </it_name>
    <it_desc>

&#x0;</it_desc>
    <rate>0.00</rate>
    <group xml:space="preserve">                                                  </group>
  </ITXML>
  <ITXML>
    <it_code>86</it_code>
    <it_name>Telephonic Support                                </it_name>
    <it_desc>&#x0;</it_desc>
    <rate>0.00</rate>
    <group xml:space="preserve">                                                  </group>
  </ITXML>
  <ITXML>
    <it_code>87</it_code>
    <it_name>Visit                                             </it_name>
    <it_desc>&#x0;</it_desc>
    <rate>0.00</rate>
    <group xml:space="preserve">                                                  </group>
  </ITXML>
  <ITXML>
    <it_code>88</it_code>
    <it_name>BLACK BULL ERP                                    </it_name>
    <it_desc>&#x0;</it_desc>
    <rate>0.00</rate>
    <group xml:space="preserve">                                                  </group>
  </ITXML>
  <ITXML>
    <it_code>89</it_code>
    <it_name>UDYOG 6                                           </it_name>
    <it_desc>





&#x0;</it_desc>
    <rate>0.00</rate>
    <group xml:space="preserve">                                                  </group>
  </ITXML>
  <ITXML>
    <it_code>90</it_code>
    <it_name>FAX MACHINE                                       </it_name>
    <it_desc>&#x0;</it_desc>
    <rate>0.00</rate>
    <group xml:space="preserve">                                                  </group>
  </ITXML>
  <ITXML>
    <it_code>91</it_code>
    <it_name>Voucher Related                                   </it_name>
    <it_desc>&#x0;</it_desc>
    <rate>0.00</rate>
    <group xml:space="preserve">                                                  </group>
  </ITXML>
  <ITXML>
    <it_code>92</it_code>
    <it_name>Calls Today                                       </it_name>
    <it_desc>&#x0;</it_desc>
    <rate>0.00</rate>
    <group xml:space="preserve">                                                  </group>
  </ITXML>
  <ITXML>
    <it_code>93</it_code>
    <it_name>HARD DISK                                         </it_name>
    <it_desc>&#x0;</it_desc>
    <rate>0.00</rate>
    <group xml:space="preserve">                                                  </group>
  </ITXML>
  <ITXML>
    <it_code>94</it_code>
    <it_name>Board Marker                                      </it_name>
    <it_desc>&#x0;</it_desc>
    <rate>0.00</rate>
    <group xml:space="preserve">                                                  </group>
  </ITXML>
  <ITXML>
    <it_code>95</it_code>
    <it_name>CD Cover                                          </it_name>
    <it_desc>&#x0;</it_desc>
    <rate>0.00</rate>
    <group xml:space="preserve">                                                  </group>
  </ITXML>
  <ITXML>
    <it_code>96</it_code>
    <it_name>DATA TRANSFER UTILITY                             </it_name>
    <it_desc>&#x0;</it_desc>
    <rate>0.00</rate>
    <group xml:space="preserve">                                                  </group>
  </ITXML>
  <ITXML>
    <it_code>97</it_code>
    <it_name>CD Box                                            </it_name>
    <it_desc>&#x0;</it_desc>
    <rate>0.00</rate>
    <group xml:space="preserve">                                                  </group>
  </ITXML>
  <ITXML>
    <it_code>98</it_code>
    <it_name>Call Sheets                                       </it_name>
    <it_desc>&#x0;</it_desc>
    <rate>0.00</rate>
    <group xml:space="preserve">                                                  </group>
  </ITXML>
  <ITXML>
    <it_code>99</it_code>
    <it_name>Letter Head                                       </it_name>
    <it_desc>&#x0;</it_desc>
    <rate>0.00</rate>
    <group xml:space="preserve">                                                  </group>
  </ITXML>
  <ITXML>
    <it_code>100</it_code>
    <it_name>CONTINOUS STATIONARY (80 COL)                     </it_name>
    <it_desc>&#x0;</it_desc>
    <rate>0.00</rate>
    <group xml:space="preserve">                                                  </group>
  </ITXML>
  <ITXML>
    <it_code>101</it_code>
    <it_name>CONTINOUS STATIONARY (132 COL)                    </it_name>
    <it_desc>&#x0;</it_desc>
    <rate>0.00</rate>
    <group xml:space="preserve">                                                  </group>
  </ITXML>
  <ITXML>
    <it_code>102</it_code>
    <it_name>EXPENSE STATEMENT BOOK                            </it_name>
    <it_desc>&#x0;</it_desc>
    <rate>0.00</rate>
    <group xml:space="preserve">                                                  </group>
  </ITXML>
  <ITXML>
    <it_code>103</it_code>
    <it_name>EXCISE MANUFACTURING MANUALS                      </it_name>
    <it_desc>&#x0;</it_desc>
    <rate>0.00</rate>
    <group xml:space="preserve">                                                  </group>
  </ITXML>
  <ITXML>
    <it_code>104</it_code>
    <it_name>EXCISE TRADING MANUALS                            </it_name>
    <it_desc>&#x0;</it_desc>
    <rate>0.00</rate>
    <group xml:space="preserve">                                                  </group>
  </ITXML>
  <ITXML>
    <it_code>105</it_code>
    <it_name>CD                                                </it_name>
    <it_desc>&#x0;</it_desc>
    <rate>0.00</rate>
    <group xml:space="preserve">                                                  </group>
  </ITXML>
  <ITXML>
    <it_code>106</it_code>
    <it_name>Box Files (Small)                                 </it_name>
    <it_desc>&#x0;</it_desc>
    <rate>0.00</rate>
    <group xml:space="preserve">                                                  </group>
  </ITXML>
  <ITXML>
    <it_code>107</it_code>
    <it_name>Box Files (Big)                                   </it_name>
    <it_desc>&#x0;</it_desc>
    <rate>0.00</rate>
    <group xml:space="preserve">                                                  </group>
  </ITXML>
  <ITXML>
    <it_code>108</it_code>
    <it_name>Folders (Black)                                   </it_name>
    <it_desc>&#x0;</it_desc>
    <rate>0.00</rate>
    <group xml:space="preserve">                                                  </group>
  </ITXML>
  <ITXML>
    <it_code>109</it_code>
    <it_name>Voucher Book                                      </it_name>
    <it_desc>&#x0;</it_desc>
    <rate>0.00</rate>
    <group xml:space="preserve">                                                  </group>
  </ITXML>
  <ITXML>
    <it_code>110</it_code>
    <it_name>Envelop (window)                                  </it_name>
    <it_desc>&#x0;</it_desc>
    <rate>0.00</rate>
    <group xml:space="preserve">                                                  </group>
  </ITXML>
  <ITXML>
    <it_code>111</it_code>
    <it_name>Envelop (Plain)                                   </it_name>
    <it_desc>&#x0;</it_desc>
    <rate>0.00</rate>
    <group xml:space="preserve">                                                  </group>
  </ITXML>
  <ITXML>
    <it_code>112</it_code>
    <it_name>Floppy Box                                        </it_name>
    <it_desc>&#x0;</it_desc>
    <rate>0.00</rate>
    <group xml:space="preserve">                                                  </group>
  </ITXML>
  <ITXML>
    <it_code>113</it_code>
    <it_name>A4 Size Papers                                    </it_name>
    <it_desc>&#x0;</it_desc>
    <rate>0.00</rate>
    <group xml:space="preserve">                                                  </group>
  </ITXML>
  <ITXML>
    <it_code>114</it_code>
    <it_name>SMPS                                              </it_name>
    <it_desc>&#x0;</it_desc>
    <rate>0.00</rate>
    <group xml:space="preserve">                                                  </group>
  </ITXML>
  <ITXML>
    <it_code>115</it_code>
    <it_name>VISUAL UDYOG Excise / ST SOFTWARE                 </it_name>
    <it_desc>&#x0;</it_desc>
    <rate>0.00</rate>
    <group xml:space="preserve">                                                  </group>
  </ITXML>
  <ITXML>
    <it_code>116</it_code>
    <it_name>UDYOG Sales Tax Module                            </it_name>
    <it_desc>&#x0;</it_desc>
    <rate>0.00</rate>
    <group xml:space="preserve">                                                  </group>
  </ITXML>
  <ITXML>
    <it_code>117</it_code>
    <it_name>UDYOG Production Planning Software                </it_name>
    <it_desc>&#x0;</it_desc>
    <rate>0.00</rate>
    <group xml:space="preserve">                                                  </group>
  </ITXML>
  <ITXML>
    <it_code>118</it_code>
    <it_name>LAPTOP                                            </it_name>
    <it_desc>&#x0;</it_desc>
    <rate>0.00</rate>
    <group xml:space="preserve">                                                  </group>
  </ITXML>
  <ITXML>
    <it_code>119</it_code>
    <it_name>UDYOG EXCISE SOFTWARE                             </it_name>
    <it_desc>&#x0;</it_desc>
    <rate>0.00</rate>
    <group xml:space="preserve">                                                  </group>
  </ITXML>
  <ITXML>
    <it_code>120</it_code>
    <it_name>VISUAL UDYOG Excise Manufacturing (100% EOU)      </it_name>
    <it_desc>&#x0;</it_desc>
    <rate>0.00</rate>
    <group xml:space="preserve">                                                  </group>
  </ITXML>
  <ITXML>
    <it_code>121</it_code>
    <it_name>UDYOG Excise Manufacturing (100% EOU)             </it_name>
    <it_desc>&#x0;</it_desc>
    <rate>0.00</rate>
    <group xml:space="preserve">                                                  </group>
  </ITXML>
  <ITXML>
    <it_code>122</it_code>
    <it_name>VISUAL UDYOG Service Tax Module                   </it_name>
    <it_desc />
    <rate>0.00</rate>
    <group>VISUAL UDYOG                                      </group>
  </ITXML>
  <ITXML>
    <it_code>123</it_code>
    <it_name>VISUAL UDYOG Input Service Distributor            </it_name>
    <it_desc>&#x0;</it_desc>
    <rate>0.00</rate>
    <group xml:space="preserve">                                                  </group>
  </ITXML>
  <ITXML>
    <it_code>124</it_code>
    <it_name>MOTHERBOARD                                       </it_name>
    <it_desc>&#x0;</it_desc>
    <rate>0.00</rate>
    <group xml:space="preserve">                                                  </group>
  </ITXML>
  <ITXML>
    <it_code>125</it_code>
    <it_name>VISUAL UDYOG Sales Tax Module                     </it_name>
    <it_desc />
    <rate>0.00</rate>
    <group>VISUAL UDYOG                                      </group>
  </ITXML>
  <ITXML>
    <it_code>126</it_code>
    <it_name>VISUAL UDYOG Security Module                      </it_name>
    <it_desc />
    <rate>0.00</rate>
    <group>VISUAL UDYOG                                      </group>
  </ITXML>
  <ITXML>
    <it_code>127</it_code>
    <it_name>UDYOG Security Module                             </it_name>
    <it_desc>&#x0;</it_desc>
    <rate>0.00</rate>
    <group xml:space="preserve">                                                  </group>
  </ITXML>
  <ITXML>
    <it_code>128</it_code>
    <it_name>MONITOR                                           </it_name>
    <it_desc>&#x0;</it_desc>
    <rate>0.00</rate>
    <group xml:space="preserve">                                                  </group>
  </ITXML>
  <ITXML>
    <it_code>129</it_code>
    <it_name>PrOJECTOR                                         </it_name>
    <it_desc>&#x0;</it_desc>
    <rate>0.00</rate>
    <group xml:space="preserve">                                                  </group>
  </ITXML>
  <ITXML>
    <it_code>130</it_code>
    <it_name>UDYSYNC                                           </it_name>
    <it_desc>&#x0;</it_desc>
    <rate>0.00</rate>
    <group xml:space="preserve">                                                  </group>
  </ITXML>
  <ITXML>
    <it_code>131</it_code>
    <it_name>Additional Users                                  </it_name>
    <it_desc>&#x0;</it_desc>
    <rate>0.00</rate>
    <group xml:space="preserve">                                                  </group>
  </ITXML>
  <ITXML>
    <it_code>132</it_code>
    <it_name>U-Reporter                                        </it_name>
    <it_desc>&#x0;</it_desc>
    <rate>0.00</rate>
    <group xml:space="preserve">                                                  </group>
  </ITXML>
  <ITXML>
    <it_code>133</it_code>
    <it_name>Additional Company (Excise)                       </it_name>
    <it_desc>&#x0;</it_desc>
    <rate>0.00</rate>
    <group xml:space="preserve">                                                  </group>
  </ITXML>
  <ITXML>
    <it_code>134</it_code>
    <it_name>Additional Company.                               </it_name>
    <it_desc>&#x0;</it_desc>
    <rate>0.00</rate>
    <group xml:space="preserve">                                                  </group>
  </ITXML>
  <ITXML>
    <it_code>135</it_code>
    <it_name>IP RIGHTS                                         </it_name>
    <it_desc>&#x0;</it_desc>
    <rate>0.00</rate>
    <group xml:space="preserve">                                                  </group>
  </ITXML>
  <ITXML>
    <it_code>136</it_code>
    <it_name>FACILITY SERVICES                                 </it_name>
    <it_desc>&#x0;</it_desc>
    <rate>0.00</rate>
    <group xml:space="preserve">                                                  </group>
  </ITXML>
  <ITXML>
    <it_code>137</it_code>
    <it_name>UDYOG ONLINE BILLING                              </it_name>
    <it_desc />
    <rate>0.00</rate>
    <group xml:space="preserve">                                                  </group>
  </ITXML>
  <ITXML>
    <it_code>138</it_code>
    <it_name>UDYOG e-Billing                                   </it_name>
    <it_desc />
    <rate>0.00</rate>
    <group xml:space="preserve">                                                  </group>
  </ITXML>
  <ITXML>
    <it_code>139</it_code>
    <it_name>UDYOG e-Billing Location                          </it_name>
    <it_desc />
    <rate>0.00</rate>
    <group xml:space="preserve">                                                  </group>
  </ITXML>
  <ITXML>
    <it_code>140</it_code>
    <it_name>i -TAX EXCISE TRADING SOFTWARE                    </it_name>
    <it_desc />
    <rate>0.00</rate>
    <group xml:space="preserve">                                                  </group>
  </ITXML>
  <ITXML>
    <it_code>141</it_code>
    <it_name>i-TAX - EOU                                       </it_name>
    <it_desc />
    <rate>0.00</rate>
    <group xml:space="preserve">                                                  </group>
  </ITXML>
  <ITXML>
    <it_code>142</it_code>
    <it_name>i - TAX EXCISE MFG. SOFTWARE                      </it_name>
    <it_desc />
    <rate>0.00</rate>
    <group xml:space="preserve">                                                  </group>
  </ITXML>
  <ITXML>
    <it_code>143</it_code>
    <it_name>DATA IMPORT UTILITY                               </it_name>
    <it_desc />
    <rate>0.00</rate>
    <group xml:space="preserve">                                                  </group>
  </ITXML>
  <ITXML>
    <it_code>144</it_code>
    <it_name>IMPLEMENTATION &amp; TRAINING CHARGES                 </it_name>
    <it_desc />
    <rate>0.00</rate>
    <group xml:space="preserve">                                                  </group>
  </ITXML>
  <ITXML>
    <it_code>145</it_code>
    <it_name>UDYOG TAXATION MODULE                             </it_name>
    <it_desc />
    <rate>0.00</rate>
    <group xml:space="preserve">                                                  </group>
  </ITXML>
  <ITXML>
    <it_code>146</it_code>
    <it_name>USquare Financial Accounting                      </it_name>
    <it_desc />
    <rate>0.00</rate>
    <group>USquare                                           </group>
  </ITXML>
  <ITXML>
    <it_code>147</it_code>
    <it_name>USquare Inventory                                 </it_name>
    <it_desc />
    <rate>0.00</rate>
    <group>USquare                                           </group>
  </ITXML>
  <ITXML>
    <it_code>148</it_code>
    <it_name>USquare Order Processing                          </it_name>
    <it_desc />
    <rate>0.00</rate>
    <group>USquare                                           </group>
  </ITXML>
  <ITXML>
    <it_code>149</it_code>
    <it_name>USquare Excise Manufacturing                      </it_name>
    <it_desc />
    <rate>0.00</rate>
    <group>USquare                                           </group>
  </ITXML>
  <ITXML>
    <it_code>150</it_code>
    <it_name>USquare Excise Trading                            </it_name>
    <it_desc />
    <rate>0.00</rate>
    <group>USquare                                           </group>
  </ITXML>
  <ITXML>
    <it_code>152</it_code>
    <it_name>I - TAX ACCOUNTING.                               </it_name>
    <it_desc />
    <rate>0.00</rate>
    <group xml:space="preserve">                                                  </group>
  </ITXML>
  <ITXML>
    <it_code>153</it_code>
    <it_name>USquare Additional User                           </it_name>
    <it_desc />
    <rate>0.00</rate>
    <group>USquare                                           </group>
  </ITXML>
  <ITXML>
    <it_code>154</it_code>
    <it_name>Location Transfer Charges                         </it_name>
    <it_desc>&#x0;</it_desc>
    <rate>0.00</rate>
    <group xml:space="preserve">                                                  </group>
  </ITXML>
  <ITXML>
    <it_code>155</it_code>
    <it_name>USQUARE - EOU                                     </it_name>
    <it_desc />
    <rate>0.00</rate>
    <group>USquare                                           </group>
  </ITXML>
  <ITXML>
    <it_code>156</it_code>
    <it_name>VISITING CHARGES                                  </it_name>
    <it_desc />
    <rate>0.00</rate>
    <group>VISUAL UDYOG                                      </group>
  </ITXML>
  <ITXML>
    <it_code>157</it_code>
    <it_name>USQUARE BARCODING                                 </it_name>
    <it_desc />
    <rate>0.00</rate>
    <group>USquare                                           </group>
  </ITXML>
  <ITXML>
    <it_code>158</it_code>
    <it_name>I - TAX TAX MODULE                                </it_name>
    <it_desc />
    <rate>0.00</rate>
    <group xml:space="preserve">                                                  </group>
  </ITXML>
  <ITXML>
    <it_code>159</it_code>
    <it_name>USQUARE ADDITIONAL COMPANY.                       </it_name>
    <it_desc />
    <rate>0.00</rate>
    <group>USquare                                           </group>
  </ITXML>
  <ITXML>
    <it_code>162</it_code>
    <it_name>VUDYOG 9.0. EX. MFG.                              </it_name>
    <it_desc />
    <rate>0.00</rate>
    <group>VUDYOG 9.0.                                       </group>
  </ITXML>
  <ITXML>
    <it_code>163</it_code>
    <it_name>VUDYOG 9.0. EX. TRADING                           </it_name>
    <it_desc />
    <rate>0.00</rate>
    <group>VUDYOG 9.0.                                       </group>
  </ITXML>
  <ITXML>
    <it_code>164</it_code>
    <it_name>VUDYOG 9.0. ADD. USER                             </it_name>
    <it_desc />
    <rate>0.00</rate>
    <group>VUDYOG 9.0.                                       </group>
  </ITXML>
  <ITXML>
    <it_code>165</it_code>
    <it_name>VUDYOG 9.0. ADD. COMPANY                          </it_name>
    <it_desc />
    <rate>0.00</rate>
    <group>VUDYOG 9.0.                                       </group>
  </ITXML>
  <ITXML>
    <it_code>166</it_code>
    <it_name>VUDYOG 9.0. EX. MFG. GST ASSURANCE                </it_name>
    <it_desc />
    <rate>0.00</rate>
    <group>VUDYOG 9.0.                                       </group>
  </ITXML>
  <ITXML>
    <it_code>167</it_code>
    <it_name>MOTOR CAR                                         </it_name>
    <it_desc />
    <rate>0.00</rate>
    <group xml:space="preserve">                                                  </group>
  </ITXML>
  <ITXML>
    <it_code>168</it_code>
    <it_name>VUDYOG 9.0.EX. TRD. GST ASSURANCE                 </it_name>
    <it_desc />
    <rate>0.00</rate>
    <group>VUDYOG 9.0.                                       </group>
  </ITXML>
  <ITXML>
    <it_code>169</it_code>
    <it_name>USQUARE - TAX MODULE                              </it_name>
    <it_desc />
    <rate>0.00</rate>
    <group>USquare                                           </group>
  </ITXML>
  <ITXML>
    <it_code>170</it_code>
    <it_name>USQUARE - DATA IMPORT UTILITY                     </it_name>
    <it_desc />
    <rate>0.00</rate>
    <group>USquare                                           </group>
  </ITXML>
  <ITXML>
    <it_code>171</it_code>
    <it_name>USQUARE - SEZ                                     </it_name>
    <it_desc />
    <rate>0.00</rate>
    <group>USquare                                           </group>
  </ITXML>
  <ITXML>
    <it_code>172</it_code>
    <it_name>VUDYOG 9.0. ACCOUNTING GST ASSURANCE              </it_name>
    <it_desc />
    <rate>0.00</rate>
    <group>VUDYOG 9.0.                                       </group>
  </ITXML>
  <ITXML>
    <it_code>173</it_code>
    <it_name>VUDYOG 9.0. ACCOUNTING.                           </it_name>
    <it_desc />
    <rate>0.00</rate>
    <group>VUDYOG 9.0.                                       </group>
  </ITXML>
  <ITXML>
    <it_code>174</it_code>
    <it_name>UDYOG EZEE FILER                                  </it_name>
    <it_desc>&#x0;</it_desc>
    <rate>0.00</rate>
    <group>VISUAL UDYOG                                      </group>
  </ITXML>
  <ITXML>
    <it_code>175</it_code>
    <it_name>SOFTWARE LICENSES                                 </it_name>
    <it_desc />
    <rate>0.00</rate>
    <group>VISUAL UDYOG                                      </group>
  </ITXML>
</NewDataSet>