<?xml version="1.0" standalone="yes"?>
<NewDataSet>
  <ACXML>
    <ac_id>798</ac_id>
    <ac_name>PURCHASES</ac_name>
    <mailname>PURCHASES                                         </mailname>
    <group>TRADING EXPENSES                                  </group>
  </ACXML>
  <ACXML>
    <ac_id>799</ac_id>
    <ac_name>SALES</ac_name>
    <mailname>SALES                                             </mailname>
    <group>TRADING INCOME                                    </group>
  </ACXML>
  <ACXML>
    <ac_id>813</ac_id>
    <ac_name>SALES TAX A/C</ac_name>
    <mailname>SALES TAX A/C                                     </mailname>
    <group>EXPENSE                                           </group>
  </ACXML>
  <ACXML>
    <ac_id>823</ac_id>
    <ac_name>ICICI BANK LTD</ac_name>
    <mailname>ICICI BANK LTD                                    </mailname>
    <group>CASH &amp; BANK BALANCES                              </group>
  </ACXML>
  <ACXML>
    <ac_id>841</ac_id>
    <ac_name>SHAKTI TRADING CO.</ac_name>
    <mailname>SHAKTI TRADING CO.                                </mailname>
    <group>SUNDRY DEBTORS                                    </group>
  </ACXML>
  <ACXML>
    <ac_id>842</ac_id>
    <ac_name>NISHA COSMETICS</ac_name>
    <mailname>NISHA COSMETICS                                   </mailname>
    <group>SUNDRY DEBTORS                                    </group>
  </ACXML>
  <ACXML>
    <ac_id>843</ac_id>
    <ac_name>SHRI PARAMHANS TRADERS</ac_name>
    <mailname>SHRI PARAMHANS TRADERS                            </mailname>
    <group>SUNDRY DEBTORS                                    </group>
  </ACXML>
  <ACXML>
    <ac_id>844</ac_id>
    <ac_name>SMILE GENERAL STORE</ac_name>
    <mailname>SMILE GENERAL STORE                               </mailname>
    <group>SUNDRY DEBTORS                                    </group>
  </ACXML>
  <ACXML>
    <ac_id>845</ac_id>
    <ac_name>BHALLA TRADING CO.</ac_name>
    <mailname>BHALLA TRADING CO.                                </mailname>
    <group>SUNDRY DEBTORS                                    </group>
  </ACXML>
  <ACXML>
    <ac_id>846</ac_id>
    <ac_name>SHRI RAM TADING CO.</ac_name>
    <mailname>SHRI RAM TADING CO.                               </mailname>
    <group>SUNDRY DEBTORS                                    </group>
  </ACXML>
  <ACXML>
    <ac_id>847</ac_id>
    <ac_name>PARVEEN KUMAR RAJ KUMAR</ac_name>
    <mailname>PARVEEN KUMAR RAJ KUMAR                           </mailname>
    <group>SUNDRY DEBTORS                                    </group>
  </ACXML>
  <ACXML>
    <ac_id>848</ac_id>
    <ac_name>R.A. SALES AGENCIES</ac_name>
    <mailname>R.A. SALES AGENCIES                               </mailname>
    <group>SUNDRY DEBTORS                                    </group>
  </ACXML>
  <ACXML>
    <ac_id>849</ac_id>
    <ac_name>A.A. ENTERPRISES</ac_name>
    <mailname>A.A. ENTERPRISES                                  </mailname>
    <group>SUNDRY DEBTORS                                    </group>
  </ACXML>
  <ACXML>
    <ac_id>850</ac_id>
    <ac_name>GOEL SALES AGENCY</ac_name>
    <mailname>GOEL SALES AGENCY                                 </mailname>
    <group>SUNDRY DEBTORS                                    </group>
  </ACXML>
  <ACXML>
    <ac_id>851</ac_id>
    <ac_name>AMAR REMEDIES LTD.</ac_name>
    <mailname>AMAR REMEDIES LTD.                                </mailname>
    <group>SUNDRY DEBTORS                                    </group>
  </ACXML>
  <ACXML>
    <ac_id>853</ac_id>
    <ac_name>OM PARKASH MOHAN LAL</ac_name>
    <mailname>OM PARKASH MOHAN LAL                              </mailname>
    <group>SUNDRY DEBTORS                                    </group>
  </ACXML>
  <ACXML>
    <ac_id>854</ac_id>
    <ac_name>GARG AGENCIES</ac_name>
    <mailname>GARG AGENCIES                                     </mailname>
    <group>SUNDRY DEBTORS                                    </group>
  </ACXML>
  <ACXML>
    <ac_id>855</ac_id>
    <ac_name>ARORA TRADING CO.</ac_name>
    <mailname>ARORA TRADING CO.                                 </mailname>
    <group>SUNDRY DEBTORS                                    </group>
  </ACXML>
  <ACXML>
    <ac_id>856</ac_id>
    <ac_name>JAI  GURU TRADING CO.</ac_name>
    <mailname>JAI  GURU TRADING CO.                             </mailname>
    <group>SUNDRY DEBTORS                                    </group>
  </ACXML>
  <ACXML>
    <ac_id>857</ac_id>
    <ac_name>AMIT ENTERPRISES</ac_name>
    <mailname>AMIT ENTERPRISES                                  </mailname>
    <group>SUNDRY DEBTORS                                    </group>
  </ACXML>
  <ACXML>
    <ac_id>858</ac_id>
    <ac_name>SANDEEP TRADING CO.</ac_name>
    <mailname>SANDEEP TRADING CO.                               </mailname>
    <group>SUNDRY DEBTORS                                    </group>
  </ACXML>
  <ACXML>
    <ac_id>859</ac_id>
    <ac_name>S.K. CHEMICAL WORKS</ac_name>
    <mailname>S.K. CHEMICAL WORKS                               </mailname>
    <group>SUNDRY DEBTORS                                    </group>
  </ACXML>
  <ACXML>
    <ac_id>860</ac_id>
    <ac_name>KISSAN TRADERS</ac_name>
    <mailname>KISSAN TRADERS                                    </mailname>
    <group>SUNDRY DEBTORS                                    </group>
  </ACXML>
  <ACXML>
    <ac_id>861</ac_id>
    <ac_name>RAJ TRADING CO.</ac_name>
    <mailname>RAJ TRADING CO.                                   </mailname>
    <group>SUNDRY DEBTORS                                    </group>
  </ACXML>
  <ACXML>
    <ac_id>862</ac_id>
    <ac_name>MAKHIJA AGENCIES</ac_name>
    <mailname>MAKHIJA AGENCIES                                  </mailname>
    <group>SUNDRY DEBTORS                                    </group>
  </ACXML>
  <ACXML>
    <ac_id>863</ac_id>
    <ac_name>GAURAV ENTERPRISES</ac_name>
    <mailname>GAURAV ENTERPRISES                                </mailname>
    <group>SUNDRY DEBTORS                                    </group>
  </ACXML>
  <ACXML>
    <ac_id>864</ac_id>
    <ac_name>HANUMAN TRADERS</ac_name>
    <mailname>HANUMAN TRADERS                                   </mailname>
    <group>SUNDRY DEBTORS                                    </group>
  </ACXML>
  <ACXML>
    <ac_id>865</ac_id>
    <ac_name>VIPUL AGENCIES</ac_name>
    <mailname>VIPUL AGENCIES                                    </mailname>
    <group>SUNDRY DEBTORS                                    </group>
  </ACXML>
  <ACXML>
    <ac_id>866</ac_id>
    <ac_name>RAHUL TRADING CO.</ac_name>
    <mailname>RAHUL TRADING CO.                                 </mailname>
    <group>SUNDRY DEBTORS                                    </group>
  </ACXML>
  <ACXML>
    <ac_id>867</ac_id>
    <ac_name>GOYAL TRADING CO.</ac_name>
    <mailname>GOYAL TRADING CO.                                 </mailname>
    <group>SUNDRY DEBTORS                                    </group>
  </ACXML>
  <ACXML>
    <ac_id>868</ac_id>
    <ac_name>OM PARKASH MAHESH KUMAR KALRA</ac_name>
    <mailname>OM PARKASH MAHESH KUMAR KALRA                     </mailname>
    <group>SUNDRY DEBTORS                                    </group>
  </ACXML>
  <ACXML>
    <ac_id>869</ac_id>
    <ac_name>LOVISH TRADING CO.</ac_name>
    <mailname>LOVISH TRADING CO.                                </mailname>
    <group>SUNDRY DEBTORS                                    </group>
  </ACXML>
  <ACXML>
    <ac_id>870</ac_id>
    <ac_name>HARI OM FOOTWEAR</ac_name>
    <mailname>HARI OM FOOTWEAR                                  </mailname>
    <group>SUNDRY DEBTORS                                    </group>
  </ACXML>
  <ACXML>
    <ac_id>871</ac_id>
    <ac_name>SHIVA TRADERS</ac_name>
    <mailname>SHIVA TRADERS                                     </mailname>
    <group>SUNDRY DEBTORS                                    </group>
  </ACXML>
  <ACXML>
    <ac_id>872</ac_id>
    <ac_name>KRISHNA TRADERS</ac_name>
    <mailname>KRISHNA TRADERS                                   </mailname>
    <group>SUNDRY DEBTORS                                    </group>
  </ACXML>
  <ACXML>
    <ac_id>873</ac_id>
    <ac_name>PRINCE GENERAL STORE</ac_name>
    <mailname>PRINCE GENERAL STORE                              </mailname>
    <group>SUNDRY DEBTORS                                    </group>
  </ACXML>
  <ACXML>
    <ac_id>874</ac_id>
    <ac_name>SURENDER KUMAR AND SONS</ac_name>
    <mailname>SURENDER KUMAR AND SONS                           </mailname>
    <group>SUNDRY DEBTORS                                    </group>
  </ACXML>
  <ACXML>
    <ac_id>875</ac_id>
    <ac_name>PARI ENTERPRISES</ac_name>
    <mailname>PARI ENTERPRISES                                  </mailname>
    <group>SUNDRY DEBTORS                                    </group>
  </ACXML>
  <ACXML>
    <ac_id>876</ac_id>
    <ac_name>R.K. GERNAL STORE</ac_name>
    <mailname>R.K. GERNAL STORE                                 </mailname>
    <group>SUNDRY DEBTORS                                    </group>
  </ACXML>
  <ACXML>
    <ac_id>877</ac_id>
    <ac_name>AGGARWAL KHADYA BHANDAR</ac_name>
    <mailname>AGGARWAL KHADYA BHANDAR                           </mailname>
    <group>SUNDRY DEBTORS                                    </group>
  </ACXML>
  <ACXML>
    <ac_id>878</ac_id>
    <ac_name>GURU NANAK SALES AGENCIES</ac_name>
    <mailname>GURU NANAK SALES AGENCIES                         </mailname>
    <group>SUNDRY DEBTORS                                    </group>
  </ACXML>
  <ACXML>
    <ac_id>879</ac_id>
    <ac_name>DEEPAK TRADING CO.</ac_name>
    <mailname>DEEPAK TRADING CO.                                </mailname>
    <group>SUNDRY DEBTORS                                    </group>
  </ACXML>
  <ACXML>
    <ac_id>880</ac_id>
    <ac_name>BABA MOHAN RAM AGENCY</ac_name>
    <mailname>BABA MOHAN RAM AGENCY                             </mailname>
    <group>SUNDRY DEBTORS                                    </group>
  </ACXML>
  <ACXML>
    <ac_id>881</ac_id>
    <ac_name>ARORA ENTERPRISES</ac_name>
    <mailname>ARORA ENTERPRISES                                 </mailname>
    <group>SUNDRY DEBTORS                                    </group>
  </ACXML>
  <ACXML>
    <ac_id>882</ac_id>
    <ac_name>VIVEK ENTERPRISES</ac_name>
    <mailname>VIVEK ENTERPRISES                                 </mailname>
    <group>SUNDRY DEBTORS                                    </group>
  </ACXML>
  <ACXML>
    <ac_id>883</ac_id>
    <ac_name>NAGPAL AGENCIES</ac_name>
    <mailname>NAGPAL AGENCIES                                   </mailname>
    <group>SUNDRY DEBTORS                                    </group>
  </ACXML>
  <ACXML>
    <ac_id>884</ac_id>
    <ac_name>LAJPAT AGENCIES</ac_name>
    <mailname>LAJPAT AGENCIES                                   </mailname>
    <group>SUNDRY DEBTORS                                    </group>
  </ACXML>
  <ACXML>
    <ac_id>885</ac_id>
    <ac_name>SATNAM SALES</ac_name>
    <mailname>SATNAM SALES                                      </mailname>
    <group>SUNDRY DEBTORS                                    </group>
  </ACXML>
  <ACXML>
    <ac_id>886</ac_id>
    <ac_name>SHREE DURGA AGENCIES AND KERYANA MERCHANTS</ac_name>
    <mailname>SHREE DURGA AGENCIES AND KERYANA MERCHANTS        </mailname>
    <group>SUNDRY DEBTORS                                    </group>
  </ACXML>
  <ACXML>
    <ac_id>887</ac_id>
    <ac_name>DUREJA TRADING CO.</ac_name>
    <mailname>DUREJA TRADING CO.                                </mailname>
    <group>SUNDRY DEBTORS                                    </group>
  </ACXML>
  <ACXML>
    <ac_id>888</ac_id>
    <ac_name>GANGWANI TRADING CO.</ac_name>
    <mailname>GANGWANI TRADING CO.                              </mailname>
    <group>SUNDRY DEBTORS                                    </group>
  </ACXML>
  <ACXML>
    <ac_id>889</ac_id>
    <ac_name>BHAGIRATH PARSAD AND SONS</ac_name>
    <mailname>BHAGIRATH PARSAD AND SONS                         </mailname>
    <group>SUNDRY DEBTORS                                    </group>
  </ACXML>
  <ACXML>
    <ac_id>890</ac_id>
    <ac_name>DURGA AG. AND KERYANA MERCHANT</ac_name>
    <mailname>DURGA AG. AND KERYANA MERCHANT                    </mailname>
    <group>SUNDRY DEBTORS                                    </group>
  </ACXML>
  <ACXML>
    <ac_id>891</ac_id>
    <ac_name>RAJ AGENCIES</ac_name>
    <mailname>RAJ AGENCIES                                      </mailname>
    <group>SUNDRY DEBTORS                                    </group>
  </ACXML>
  <ACXML>
    <ac_id>892</ac_id>
    <ac_name>SATGURU AGENCIES</ac_name>
    <mailname>SATGURU AGENCIES                                  </mailname>
    <group>SUNDRY DEBTORS                                    </group>
  </ACXML>
  <ACXML>
    <ac_id>893</ac_id>
    <ac_name>SUMER CHAND AGGARWAL</ac_name>
    <mailname>SUMER CHAND AGGARWAL                              </mailname>
    <group>SUNDRY DEBTORS                                    </group>
  </ACXML>
  <ACXML>
    <ac_id>894</ac_id>
    <ac_name>BHAGAT SALES CORPORATION</ac_name>
    <mailname>BHAGAT SALES CORPORATION                          </mailname>
    <group>SUNDRY DEBTORS                                    </group>
  </ACXML>
  <ACXML>
    <ac_id>895</ac_id>
    <ac_name>ICICI C.C.A/c.000451000442</ac_name>
    <mailname>ICICI C.C.A/c.000451000442                        </mailname>
    <group>CASH &amp; BANK BALANCES                              </group>
  </ACXML>
  <ACXML>
    <ac_id>896</ac_id>
    <ac_name>Bank Charges</ac_name>
    <mailname>Bank Charges                                      </mailname>
    <group>EXPENSE                                           </group>
  </ACXML>
  <ACXML>
    <ac_id>897</ac_id>
    <ac_name>CASH IN HAND</ac_name>
    <mailname>CASH IN HAND                                      </mailname>
    <group>CASH &amp; BANK BALANCES                              </group>
  </ACXML>
  <ACXML>
    <ac_id>898</ac_id>
    <ac_name>SUSPENSE A/C</ac_name>
    <mailname>SUSPENSE A/C                                      </mailname>
    <group>SUNDRY DEBTORS                                    </group>
  </ACXML>
  <ACXML>
    <ac_id>899</ac_id>
    <ac_name>KRISHNA TRADERS(KHARKHODA)</ac_name>
    <mailname>KRISHNA TRADERS(KHARKHODA)                        </mailname>
    <group>SUNDRY DEBTORS                                    </group>
  </ACXML>
  <ACXML>
    <ac_id>900</ac_id>
    <ac_name>NARESH TRADING CO.</ac_name>
    <mailname>NARESH TRADING CO.                                </mailname>
    <group>SUNDRY DEBTORS                                    </group>
  </ACXML>
  <ACXML>
    <ac_id>901</ac_id>
    <ac_name>KOHLI AG., SADHORA</ac_name>
    <mailname>KOHLI AG., SADHORA                                </mailname>
    <group>SUNDRY DEBTORS                                    </group>
  </ACXML>
  <ACXML>
    <ac_id>902</ac_id>
    <ac_name>SATENDER KUMAR</ac_name>
    <mailname>SATENDER KUMAR                                    </mailname>
    <group>SUNDRY DEBTORS                                    </group>
  </ACXML>
  <ACXML>
    <ac_id>903</ac_id>
    <ac_name>MITTAL TRADER, GANAUR</ac_name>
    <mailname>MITTAL TRADER, GANAUR                             </mailname>
    <group>SUNDRY DEBTORS                                    </group>
  </ACXML>
  <ACXML>
    <ac_id>904</ac_id>
    <ac_name>KOHLI AGENCIES</ac_name>
    <mailname>KOHLI AGENCIES                                    </mailname>
    <group>SUNDRY DEBTORS                                    </group>
  </ACXML>
  <ACXML>
    <ac_id>905</ac_id>
    <ac_name>RAHUL SALES AGENCIES</ac_name>
    <mailname>RAHUL SALES AGENCIES                              </mailname>
    <group>SUNDRY DEBTORS                                    </group>
  </ACXML>
  <ACXML>
    <ac_id>906</ac_id>
    <ac_name>DELHI SWEET CONFECTIONERY</ac_name>
    <mailname>DELHI SWEET CONFECTIONERY                         </mailname>
    <group>SUNDRY DEBTORS                                    </group>
  </ACXML>
  <ACXML>
    <ac_id>907</ac_id>
    <ac_name>V.H. ENTERPRISES</ac_name>
    <mailname>V.H. ENTERPRISES                                  </mailname>
    <group>SUNDRY DEBTORS                                    </group>
  </ACXML>
  <ACXML>
    <ac_id>908</ac_id>
    <ac_name>ASHISH TRADERS, (KKR)</ac_name>
    <mailname>ASHISH TRADERS, (KKR)                             </mailname>
    <group>SUNDRY DEBTORS                                    </group>
  </ACXML>
  <ACXML>
    <ac_id>909</ac_id>
    <ac_name>MODA CONFECTIONARY (BHIWANI)</ac_name>
    <mailname>MODA CONFECTIONARY (BHIWANI)                      </mailname>
    <group>SUNDRY DEBTORS                                    </group>
  </ACXML>
  <ACXML>
    <ac_id>910</ac_id>
    <ac_name>SHYAM TRADING CO. (SIWANI)</ac_name>
    <mailname>SHREE SHYAM TRADING CO. (SIWANI)                  </mailname>
    <group>SUNDRY DEBTORS                                    </group>
  </ACXML>
  <ACXML>
    <ac_id>911</ac_id>
    <ac_name>THUKRAL AG. (LOHARU)</ac_name>
    <mailname>THUKRAL AG. (LOHARU)                              </mailname>
    <group>SUNDRY DEBTORS                                    </group>
  </ACXML>
  <ACXML>
    <ac_id>912</ac_id>
    <ac_name>JAI AGENCIES</ac_name>
    <mailname>JAI AGENCIES                                      </mailname>
    <group>SUNDRY DEBTORS                                    </group>
  </ACXML>
  <ACXML>
    <ac_id>913</ac_id>
    <ac_name>RADESHYAM PAWAN KUMAR</ac_name>
    <mailname>RADESHYAM PAWAN KUMAR                             </mailname>
    <group>SUNDRY DEBTORS                                    </group>
  </ACXML>
  <ACXML>
    <ac_id>914</ac_id>
    <ac_name>SHIV SHAKTI AG. (PANIPAT)</ac_name>
    <mailname>SHIV SHAKTI AG. (PANIPAT)                         </mailname>
    <group>SUNDRY DEBTORS                                    </group>
  </ACXML>
  <ACXML>
    <ac_id>915</ac_id>
    <ac_name>PUNEET ENTERPRISES (HODEL)</ac_name>
    <mailname>PUNEET ENTERPRISES (HODEL)                        </mailname>
    <group>SUNDRY DEBTORS                                    </group>
  </ACXML>
  <ACXML>
    <ac_id>916</ac_id>
    <ac_name>BRIJ MOHAN CHAUDHARY (BEHAL)</ac_name>
    <mailname>BRIJ MOHAN CHAUDHARY (BEHAL)                      </mailname>
    <group>SUNDRY DEBTORS                                    </group>
  </ACXML>
  <ACXML>
    <ac_id>917</ac_id>
    <ac_name>AGGARWAL TRADERS (JUI)</ac_name>
    <mailname>AGGARWAL TRADERS (JUI)                            </mailname>
    <group>SUNDRY DEBTORS                                    </group>
  </ACXML>
  <ACXML>
    <ac_id>918</ac_id>
    <ac_name>JINDAL GEN. STORE (DIGAWA)</ac_name>
    <mailname>JINDAL GEN. STORE (DIGAWA)                        </mailname>
    <group>SUNDRY DEBTORS                                    </group>
  </ACXML>
  <ACXML>
    <ac_id>919</ac_id>
    <ac_name>DAWAR FANCY STORE (RANIA)</ac_name>
    <mailname>DAWAR FANCY STORE (RANIA)                         </mailname>
    <group>SUNDRY DEBTORS                                    </group>
  </ACXML>
  <ACXML>
    <ac_id>920</ac_id>
    <ac_name>BRAHAM GEN. STORE (EL.BAD)</ac_name>
    <mailname>BRAHAM GEN. STORE (EL.BAD)                        </mailname>
    <group>SUNDRY DEBTORS                                    </group>
  </ACXML>
  <ACXML>
    <ac_id>921</ac_id>
    <ac_name>BALA JI ENTERPRISES (KALANWALI)</ac_name>
    <mailname>BALA JI ENTERPRISES (KALANWALI)                   </mailname>
    <group>SUNDRY DEBTORS                                    </group>
  </ACXML>
  <ACXML>
    <ac_id>922</ac_id>
    <ac_name>DEEPAK TR. CO. PEHWA</ac_name>
    <mailname>DEEPAK TR. CO. PEHWA                              </mailname>
    <group>SUNDRY DEBTORS                                    </group>
  </ACXML>
  <ACXML>
    <ac_id>923</ac_id>
    <ac_name>SHIRI BALAJI GROUP</ac_name>
    <mailname>SHIRI BALAJI GROUP                                </mailname>
    <group>SUNDRY DEBTORS                                    </group>
  </ACXML>
  <ACXML>
    <ac_id>924</ac_id>
    <ac_name>Rate Difference</ac_name>
    <mailname>Rate Difference                                   </mailname>
    <group>EXPENSE                                           </group>
  </ACXML>
  <ACXML>
    <ac_id>925</ac_id>
    <ac_name>AMAR REMEDIES LTD. (DAMAN)</ac_name>
    <mailname>AMAR REMEDIES LTD. (DAMAN)                        </mailname>
    <group>SUNDRY CREDITORS                                  </group>
  </ACXML>
  <ACXML>
    <ac_id>927</ac_id>
    <ac_name>SAHIL AGENCIES, KAITHAL</ac_name>
    <mailname>SAHIL AGENCIES, KAITHAL                           </mailname>
    <group>SUNDRY DEBTORS                                    </group>
  </ACXML>
  <ACXML>
    <ac_id>928</ac_id>
    <ac_name>OM PARKASH SATNARYAN (JIND)</ac_name>
    <mailname>OM PARKASH SATNARYAN (JIND)                       </mailname>
    <group>SUNDRY DEBTORS                                    </group>
  </ACXML>
  <ACXML>
    <ac_id>929</ac_id>
    <ac_name>GARG TRADING CO., LADWA</ac_name>
    <mailname>GARG TRADING CO., LADWA                           </mailname>
    <group>SUNDRY DEBTORS                                    </group>
  </ACXML>
  <ACXML>
    <ac_id>931</ac_id>
    <ac_name>JAIN AGENCY (PALWAL)</ac_name>
    <mailname>JAIN AGENCY (PALWAL)                              </mailname>
    <group>SUNDRY DEBTORS                                    </group>
  </ACXML>
  <ACXML>
    <ac_id>932</ac_id>
    <ac_name>GOYAL SALES CORP. (NISSING)</ac_name>
    <mailname>GOYAL SALES CORP. (NISSING)                       </mailname>
    <group>SUNDRY DEBTORS                                    </group>
  </ACXML>
  <ACXML>
    <ac_id>933</ac_id>
    <ac_name>SANJAY KERYANA STORE (ASSANDH)</ac_name>
    <mailname>SANJAY KERYANA STORE (ASSANDH)                    </mailname>
    <group>SUNDRY DEBTORS                                    </group>
  </ACXML>
  <ACXML>
    <ac_id>934</ac_id>
    <ac_name>AMAR REMEDIES LTD., ZKP</ac_name>
    <mailname>AMAR REMEDIES LTD., ZKP                           </mailname>
    <group>SUNDRY CREDITORS                                  </group>
  </ACXML>
  <ACXML>
    <ac_id>935</ac_id>
    <ac_name>GURU KIRPA ENTERPRISES(GGN)</ac_name>
    <mailname>GURU KIRPA ENTERPRISES(GGN)                       </mailname>
    <group>SUNDRY DEBTORS                                    </group>
  </ACXML>
  <ACXML>
    <ac_id>936</ac_id>
    <ac_name>BIG BAZAR (SAHARA)</ac_name>
    <mailname>BIG BAZAR (SAHARA)                                </mailname>
    <group>SUNDRY DEBTORS                                    </group>
  </ACXML>
  <ACXML>
    <ac_id>937</ac_id>
    <ac_name>BIG BAZAR (AMBHI)</ac_name>
    <mailname>BIG BAZAR (AMBHI)                                 </mailname>
    <group>SUNDRY DEBTORS                                    </group>
  </ACXML>
  <ACXML>
    <ac_id>938</ac_id>
    <ac_name>ROHINI ENTERPRISES</ac_name>
    <mailname>ROHINI ENTERPRISES                                </mailname>
    <group>SUNDRY DEBTORS                                    </group>
  </ACXML>
  <ACXML>
    <ac_id>939</ac_id>
    <ac_name>PANKAJ KERYANA STORE</ac_name>
    <mailname>PANKAJ KERYANA STORE                              </mailname>
    <group>SUNDRY DEBTORS                                    </group>
  </ACXML>
  <ACXML>
    <ac_id>940</ac_id>
    <ac_name>AMAR NATH SHASHI KUMAR</ac_name>
    <mailname>AMAR NATH SHASHI KUMAR                            </mailname>
    <group>SUNDRY DEBTORS                                    </group>
  </ACXML>
  <ACXML>
    <ac_id>941</ac_id>
    <ac_name>SALES PROMOTION</ac_name>
    <mailname>SALES PROMOTION                                   </mailname>
    <group>EXPENSE                                           </group>
  </ACXML>
  <ACXML>
    <ac_id>942</ac_id>
    <ac_name>Cheque Return Charges</ac_name>
    <mailname>Cheque Return Charges                             </mailname>
    <group>EXPENSE                                           </group>
  </ACXML>
  <ACXML>
    <ac_id>943</ac_id>
    <ac_name>SURINDER LAL RAJ KUMAR</ac_name>
    <mailname>SURINDER LAL RAJ KUMAR                            </mailname>
    <group>SUNDRY DEBTORS                                    </group>
  </ACXML>
  <ACXML>
    <ac_id>944</ac_id>
    <ac_name>OM TRADING CO.</ac_name>
    <mailname>OM TRADING CO.                                    </mailname>
    <group>SUNDRY DEBTORS                                    </group>
  </ACXML>
  <ACXML>
    <ac_id>945</ac_id>
    <ac_name>NARAYAN TRADER</ac_name>
    <mailname>NARAYAN TRADER                                    </mailname>
    <group>SUNDRY DEBTORS                                    </group>
  </ACXML>
  <ACXML>
    <ac_id>946</ac_id>
    <ac_name>R.S.ENTERPRISES</ac_name>
    <mailname>R.S.ENTERPRISES                                   </mailname>
    <group>SUNDRY DEBTORS                                    </group>
  </ACXML>
  <ACXML>
    <ac_id>947</ac_id>
    <ac_name>DISTRIBUTION NETWORK</ac_name>
    <mailname>DISTRIBUTION NETWORK                              </mailname>
    <group>SUNDRY DEBTORS                                    </group>
  </ACXML>
  <ACXML>
    <ac_id>948</ac_id>
    <ac_name>KRISHAN KUMAR KALRA</ac_name>
    <mailname>KRISHAN KUMAR KALRA                               </mailname>
    <group>SUNDRY DEBTORS                                    </group>
  </ACXML>
  <ACXML>
    <ac_id>949</ac_id>
    <ac_name>DISCOUNT</ac_name>
    <mailname>DISCOUNT                                          </mailname>
    <group>EXPENSE                                           </group>
  </ACXML>
  <ACXML>
    <ac_id>950</ac_id>
    <ac_name>GOSWAMI TRADING CO.</ac_name>
    <mailname>GOSWAMI TRADING CO.                               </mailname>
    <group>SUNDRY DEBTORS                                    </group>
  </ACXML>
  <ACXML>
    <ac_id>951</ac_id>
    <ac_name>MITTAL AGENCIES</ac_name>
    <mailname>MITTAL AGENCIES                                   </mailname>
    <group>SUNDRY DEBTORS                                    </group>
  </ACXML>
  <ACXML>
    <ac_id>952</ac_id>
    <ac_name>S.R. TRADERS</ac_name>
    <mailname>S.R. TRADERS                                      </mailname>
    <group>SUNDRY DEBTORS                                    </group>
  </ACXML>
  <ACXML>
    <ac_id>953</ac_id>
    <ac_name>DURGA PROVISIONAL STORE</ac_name>
    <mailname>DURGA PROVISIONAL STORE                           </mailname>
    <group>SUNDRY DEBTORS                                    </group>
  </ACXML>
  <ACXML>
    <ac_id>954</ac_id>
    <ac_name>SAURAV ENTERPRISES</ac_name>
    <mailname>SAURAV ENTERPRISES                                </mailname>
    <group>SUNDRY DEBTORS                                    </group>
  </ACXML>
  <ACXML>
    <ac_id>955</ac_id>
    <ac_name>BABU RAM RAJ KUMAR</ac_name>
    <mailname>BABU RAM RAJ KUMAR                                </mailname>
    <group>SUNDRY DEBTORS                                    </group>
  </ACXML>
  <ACXML>
    <ac_id>956</ac_id>
    <ac_name>MANCHANDA AGENCIES</ac_name>
    <mailname>MANCHANDA AGENCIES                                </mailname>
    <group>SUNDRY DEBTORS                                    </group>
  </ACXML>
  <ACXML>
    <ac_id>957</ac_id>
    <ac_name>VISHAL TRADERS</ac_name>
    <mailname>VISHAL TRADERS                                    </mailname>
    <group>SUNDRY DEBTORS                                    </group>
  </ACXML>
  <ACXML>
    <ac_id>958</ac_id>
    <ac_name>SURJEET KUMAR</ac_name>
    <mailname>SURJEET KUMAR                                     </mailname>
    <group>SUNDRY DEBTORS                                    </group>
  </ACXML>
  <ACXML>
    <ac_id>959</ac_id>
    <ac_name>JAGAT KISHOR</ac_name>
    <mailname>JAGAT KISHOR                                      </mailname>
    <group>SUNDRY DEBTORS                                    </group>
  </ACXML>
  <ACXML>
    <ac_id>960</ac_id>
    <ac_name>JAGAT PRODUCTS</ac_name>
    <mailname>JAGAT PRODUCTS                                    </mailname>
    <group>SUNDRY DEBTORS                                    </group>
  </ACXML>
  <ACXML>
    <ac_id>961</ac_id>
    <ac_name>BATHLA AGENCIES</ac_name>
    <mailname>BATHLA AGENCIES                                   </mailname>
    <group>SUNDRY DEBTORS                                    </group>
  </ACXML>
  <ACXML>
    <ac_id>962</ac_id>
    <ac_name>BANSAL AND CO.</ac_name>
    <mailname>BANSAL AND CO.</mailname>
    <group>SUNDRY DEBTORS</group>
  </ACXML>
  <ACXML>
    <ac_id>963</ac_id>
    <ac_name>GOYAL SALES CORP.</ac_name>
    <mailname>GOYAL SALES CORP.                                 </mailname>
    <group>SUNDRY DEBTORS                                    </group>
  </ACXML>
  <ACXML>
    <ac_id>964</ac_id>
    <ac_name>ENJOY TRADERS</ac_name>
    <mailname>ENJOY TRADERS                                     </mailname>
    <group>SUNDRY DEBTORS                                    </group>
  </ACXML>
  <ACXML>
    <ac_id>965</ac_id>
    <ac_name>RAHUL AGENCY</ac_name>
    <mailname>RAHUL AGENCY                                      </mailname>
    <group>SUNDRY DEBTORS                                    </group>
  </ACXML>
  <ACXML>
    <ac_id>966</ac_id>
    <ac_name>VASHISHT ENTERPRISES</ac_name>
    <mailname>VASHISHT ENTERPRISES                              </mailname>
    <group>SUNDRY DEBTORS                                    </group>
  </ACXML>
  <ACXML>
    <ac_id>967</ac_id>
    <ac_name>MANGLA AGENCIES</ac_name>
    <mailname>MANGLA AGENCIES                                   </mailname>
    <group>SUNDRY DEBTORS                                    </group>
  </ACXML>
  <ACXML>
    <ac_id>968</ac_id>
    <ac_name>NEW CRAZY GIFT AND COSMETICS STORE</ac_name>
    <mailname>NEW CRAZY GIFT AND COSMETICS STORE                </mailname>
    <group>SUNDRY DEBTORS                                    </group>
  </ACXML>
  <ACXML>
    <ac_id>969</ac_id>
    <ac_name>JINDAL TRADING CO.</ac_name>
    <mailname>JINDAL TRADING CO.                                </mailname>
    <group>SUNDRY DEBTORS                                    </group>
  </ACXML>
  <ACXML>
    <ac_id>970</ac_id>
    <ac_name>Amar Remedies Ltd. (Punjab)</ac_name>
    <mailname>Amar Remedies Ltd. (Punjab)                       </mailname>
    <group>SUNDRY DEBTORS                                    </group>
  </ACXML>
  <ACXML>
    <ac_id>971</ac_id>
    <ac_name>TANWAR AND SONS ENTERPRISES</ac_name>
    <mailname>TANWAR AND SONS ENTERPRISES                       </mailname>
    <group>SUNDRY DEBTORS                                    </group>
  </ACXML>
  <ACXML>
    <ac_id>972</ac_id>
    <ac_name>DEV ENTERPRISES</ac_name>
    <mailname>DEV ENTERPRISES                                   </mailname>
    <group>SUNDRY DEBTORS                                    </group>
  </ACXML>
  <ACXML>
    <ac_id>973</ac_id>
    <ac_name>S.D. TRADERS</ac_name>
    <mailname>S.D. TRADERS                                      </mailname>
    <group>SUNDRY DEBTORS                                    </group>
  </ACXML>
  <ACXML>
    <ac_id>974</ac_id>
    <ac_name>Banti General Store</ac_name>
    <mailname>Banti General Store                               </mailname>
    <group>SUNDRY DEBTORS                                    </group>
  </ACXML>
  <ACXML>
    <ac_id>975</ac_id>
    <ac_name>Vishal Trading Co</ac_name>
    <mailname>Vishal Trading Co                                 </mailname>
    <group>SUNDRY DEBTORS                                    </group>
  </ACXML>
  <ACXML>
    <ac_id>976</ac_id>
    <ac_name>Sharma Traders</ac_name>
    <mailname>Sharma Traders                                    </mailname>
    <group>SUNDRY DEBTORS                                    </group>
  </ACXML>
  <ACXML>
    <ac_id>977</ac_id>
    <ac_name>ISHA TRADING CO</ac_name>
    <mailname>ISHA TRADING CO                                   </mailname>
    <group>SUNDRY DEBTORS                                    </group>
  </ACXML>
  <ACXML>
    <ac_id>978</ac_id>
    <ac_name>KAKKAR ENTERPRISES</ac_name>
    <mailname>KAKKAR ENTERPRISES                                </mailname>
    <group>SUNDRY DEBTORS                                    </group>
  </ACXML>
  <ACXML>
    <ac_id>979</ac_id>
    <ac_name>AMAR REMEDIES LTD</ac_name>
    <mailname>AMAR REMEDIES LTD                                 </mailname>
    <group>SUNDRY CREDITORS                                  </group>
  </ACXML>
  <ACXML>
    <ac_id>980</ac_id>
    <ac_name>CASH IN HAND                       </ac_name>
    <mailname>CASH IN HAND                       </mailname>
    <group>CASH &amp; BANK BALANCES               </group>
  </ACXML>
  <ACXML>
    <ac_id>981</ac_id>
    <ac_name>CLOSING STOCK (P &amp; L)              </ac_name>
    <mailname>CLOSING STOCK (P &amp; L)              </mailname>
    <group>TRADING INCOME                     </group>
  </ACXML>
  <ACXML>
    <ac_id>982</ac_id>
    <ac_name>SELLING EXPENSES                   </ac_name>
    <mailname>SELLING EXPENSES                   </mailname>
    <group>EXPENSE                            </group>
  </ACXML>
  <ACXML>
    <ac_id>983</ac_id>
    <ac_name>DEPRECIATION                       </ac_name>
    <mailname>DEPRECIATION                       </mailname>
    <group>EXPENSE                            </group>
  </ACXML>
  <ACXML>
    <ac_id>985</ac_id>
    <ac_name>SALES TAX A/C.                     </ac_name>
    <mailname>SALES TAX A/C.                     </mailname>
    <group>EXPENSE                            </group>
  </ACXML>
  <ACXML>
    <ac_id>986</ac_id>
    <ac_name>OPENING STOCK                      </ac_name>
    <mailname>OPENING STOCK                      </mailname>
    <group>TRADING EXPENSE</group>
  </ACXML>
  <ACXML>
    <ac_id>987</ac_id>
    <ac_name>OPENING BALANCES                   </ac_name>
    <mailname>OPENING BALANCES                   </mailname>
    <group>ASSETS                             </group>
  </ACXML>
  <ACXML>
    <ac_id>988</ac_id>
    <ac_name>PROVISIONAL EXPENSES               </ac_name>
    <mailname>PROVISIONAL EXPENSES               </mailname>
    <group>CURRENT LIABILITIES &amp; PROVISIONS   </group>
  </ACXML>
  <ACXML>
    <ac_id>989</ac_id>
    <ac_name>PROVISIONAL EXPENSES (P &amp; L)       </ac_name>
    <mailname>PROVISIONAL EXPENSES (P &amp; L)       </mailname>
    <group>EXPENSE                            </group>
  </ACXML>
  <ACXML>
    <ac_id>990</ac_id>
    <ac_name>PETTY CASH BOOK                    </ac_name>
    <mailname>PETTY CASH BOOK                    </mailname>
    <group>PETTY CASH                         </group>
  </ACXML>
  <ACXML>
    <ac_id>991</ac_id>
    <ac_name>TAX DEDUCTED AT SOURCE (PAYABLE)   </ac_name>
    <mailname>TAX DEDUCTED AT SOURCE (PAYABLE)   </mailname>
    <group>EXPENSE                            </group>
  </ACXML>
  <ACXML>
    <ac_id>992</ac_id>
    <ac_name>DISCOUNT (BILLS)                   </ac_name>
    <mailname>DISCOUNT (BILLS)                   </mailname>
    <group>EXPENSE                            </group>
  </ACXML>
  <ACXML>
    <ac_id>994</ac_id>
    <ac_name>POSTAGE &amp; TELEGRAPH                </ac_name>
    <mailname>POSTAGE &amp; TELEGRAPH                </mailname>
    <group>EXPENSE                            </group>
  </ACXML>
  <ACXML>
    <ac_id>995</ac_id>
    <ac_name>PRINTING &amp; STATIONERY              </ac_name>
    <mailname>PRINTING &amp; STATIONERY              </mailname>
    <group>EXPENSE                            </group>
  </ACXML>
  <ACXML>
    <ac_id>996</ac_id>
    <ac_name>BALANCE WITH B1-BOND               </ac_name>
    <mailname>BALANCE WITH B1-BOND               </mailname>
    <group>CURRENT ASSETS/LOANS &amp; ADVANCES    </group>
  </ACXML>
  <ACXML>
    <ac_id>997</ac_id>
    <ac_name>BALANCE WITH EXCISE CESS           </ac_name>
    <mailname>BALANCE WITH EXCISE CESS           </mailname>
    <group>CURRENT ASSETS/LOANS &amp; ADVANCES    </group>
  </ACXML>
  <ACXML>
    <ac_id>998</ac_id>
    <ac_name>BALANCE WITH EXCISE PLA            </ac_name>
    <mailname>BALANCE WITH EXCISE PLA            </mailname>
    <group>CURRENT ASSETS/LOANS &amp; ADVANCES    </group>
  </ACXML>
  <ACXML>
    <ac_id>999</ac_id>
    <ac_name>BALANCE WITH EXCISE RG23A</ac_name>
    <mailname>BALANCE WITH EXCISE RG23A</mailname>
    <group>CURRENT ASSETS/LOANS &amp; ADVANCES    </group>
  </ACXML>
  <ACXML>
    <ac_id>1000</ac_id>
    <ac_name>BALANCE WITH EXCISE RG23C</ac_name>
    <mailname>BALANCE WITH EXCISE RG23C</mailname>
    <group>CURRENT ASSETS/LOANS &amp; ADVANCES    </group>
  </ACXML>
  <ACXML>
    <ac_id>1001</ac_id>
    <ac_name>BALANCE WITH RULE 173H A/C.        </ac_name>
    <mailname>BALANCE WITH RULE 173H A/C.        </mailname>
    <group>CURRENT ASSETS/LOANS &amp; ADVANCES    </group>
  </ACXML>
  <ACXML>
    <ac_id>1002</ac_id>
    <ac_name>EXCISE ACCOUNT                     </ac_name>
    <mailname>EXCISE ACCOUNT                     </mailname>
    <group>LIABILITIES                        </group>
  </ACXML>
  <ACXML>
    <ac_id>1003</ac_id>
    <ac_name>INVESTMENT ALLOWANCE RESERVE       </ac_name>
    <mailname>INVESTMENT ALLOWANCE RESERVE       </mailname>
    <group>LIABILITIES                        </group>
  </ACXML>
  <ACXML>
    <ac_id>1004</ac_id>
    <ac_name>OUTPUT FROM PRODUCTION             </ac_name>
    <mailname>OUTPUT FROM PRODUCTION             </mailname>
    <group>CREDITORS FOR EXPENSES             </group>
  </ACXML>
  <ACXML>
    <ac_id>1005</ac_id>
    <ac_name>USE FOR PRODUCTION                 </ac_name>
    <mailname>USE FOR PRODUCTION                 </mailname>
    <group>CREDITORS FOR GOODS                </group>
  </ACXML>
  <ACXML>
    <ac_id>1006</ac_id>
    <ac_name>WORK IN PROGRESS ISSUE             </ac_name>
    <mailname>WORK IN PROGRESS ISSUE             </mailname>
    <group>CREDITORS FOR EXPENSES             </group>
  </ACXML>
  <ACXML>
    <ac_id>1007</ac_id>
    <ac_name>WORK IN PROGRESS RECEIPT                          </ac_name>
    <mailname>WORK IN PROGRESS RECEIPT                          </mailname>
    <group>CREDITORS FOR GOODS                               </group>
  </ACXML>
  <ACXML>
    <ac_id>1008</ac_id>
    <ac_name>EXCISE CAPITAL GOODS PAYABLE A/C   </ac_name>
    <mailname>EXCISE CAPITAL GOODS PAYABLE A/C   </mailname>
    <group>CURRENT ASSETS/LOANS &amp; ADVANCES    </group>
  </ACXML>
  <ACXML>
    <ac_id>1009</ac_id>
    <ac_name>BALANCE WITH EXCISE AED RG23A</ac_name>
    <mailname>BALANCE WITH EXCISE AED RG23A</mailname>
    <group>CURRENT ASSETS/LOANS &amp; ADVANCES    </group>
  </ACXML>
  <ACXML>
    <ac_id>1010</ac_id>
    <ac_name>BALANCE WITH EXCISE AED PLA    </ac_name>
    <mailname>BALANCE WITH EXCISE AED PLA    </mailname>
    <group>CURRENT ASSETS/LOANS &amp; ADVANCES    </group>
  </ACXML>
  <ACXML>
    <ac_id>1011</ac_id>
    <ac_name>BALANCE WITH EXCISE NCCD RG23A</ac_name>
    <mailname>BALANCE WITH EXCISE NCCD RG23A</mailname>
    <group>CURRENT ASSETS/LOANS &amp; ADVANCES    </group>
  </ACXML>
  <ACXML>
    <ac_id>1012</ac_id>
    <ac_name>BALANCE WITH EXCISE NCCD PLA</ac_name>
    <mailname>BALANCE WITH EXCISE NCCD PLA</mailname>
    <group>CURRENT ASSETS/LOANS &amp; ADVANCES    </group>
  </ACXML>
  <ACXML>
    <ac_id>1013</ac_id>
    <ac_name>BALANCE WITH EXCISE SED RG23A</ac_name>
    <mailname>BALANCE WITH EXCISE SED RG23A</mailname>
    <group>CURRENT ASSETS/LOANS &amp; ADVANCES    </group>
  </ACXML>
  <ACXML>
    <ac_id>1014</ac_id>
    <ac_name>BALANCE WITH EXCISE TNTA RG23A</ac_name>
    <mailname>BALANCE WITH EXCISE TNTA RG23A</mailname>
    <group>CURRENT ASSETS/LOANS &amp; ADVANCES    </group>
  </ACXML>
  <ACXML>
    <ac_id>1015</ac_id>
    <ac_name>BALANCE WITH EXCISE TNTA PLA</ac_name>
    <mailname>BALANCE WITH EXCISE TNTA PLA</mailname>
    <group>CURRENT ASSETS/LOANS &amp; ADVANCES    </group>
  </ACXML>
  <ACXML>
    <ac_id>1016</ac_id>
    <ac_name>BALANCE WITH CESS SURCHARGE PLA    </ac_name>
    <mailname>BALANCE WITH CESS SURCHARGE PLA    </mailname>
    <group>CURRENT ASSETS/LOANS &amp; ADVANCES    </group>
  </ACXML>
  <ACXML>
    <ac_id>1017</ac_id>
    <ac_name>BALANCE WITH CESS SURCHARGE RG23A  </ac_name>
    <mailname>BALANCE WITH CESS SURCHARGE RG23A  </mailname>
    <group>CURRENT ASSETS/LOANS &amp; ADVANCES    </group>
  </ACXML>
  <ACXML>
    <ac_id>1018</ac_id>
    <ac_name>BALANCE WITH CESS SURCHARGE RG23C  </ac_name>
    <mailname>BALANCE WITH CESS SURCHARGE RG23C  </mailname>
    <group>CURRENT ASSETS/LOANS &amp; ADVANCES    </group>
  </ACXML>
  <ACXML>
    <ac_id>1019</ac_id>
    <ac_name>CESS CAPITAL GOODS PAYABLE A/C     </ac_name>
    <mailname>CESS CAPITAL GOODS PAYABLE A/C     </mailname>
    <group>CURRENT ASSETS/LOANS &amp; ADVANCES    </group>
  </ACXML>
  <ACXML>
    <ac_id>1020</ac_id>
    <ac_name>BALANCE WITH SERVICE TAX A/C       </ac_name>
    <mailname>BALANCE WITH SERVICE TAX A/C       </mailname>
    <group>CURRENT ASSETS/LOANS &amp; ADVANCES    </group>
  </ACXML>
  <ACXML>
    <ac_id>1021</ac_id>
    <ac_name>BALANCE WITH SERVICE TAX CESS A/C  </ac_name>
    <mailname>BALANCE WITH SERVICE TAX CESS A/C  </mailname>
    <group>CURRENT ASSETS/LOANS &amp; ADVANCES    </group>
  </ACXML>
  <ACXML>
    <ac_id>1022</ac_id>
    <ac_name>BAL. WITH SERVICE TAX PAYABLE      </ac_name>
    <mailname>BAL. WITH SERVICE TAX PAYABLE      </mailname>
    <group>CURRENT ASSETS/LOANS &amp; ADVANCES    </group>
  </ACXML>
  <ACXML>
    <ac_id>1023</ac_id>
    <ac_name>BAL. WITH SERVICE TAX CESS PAYABLE </ac_name>
    <mailname>BAL. WITH SERVICE TAX CESS PAYABLE </mailname>
    <group>CURRENT ASSETS/LOANS &amp; ADVANCES    </group>
  </ACXML>
  <ACXML>
    <ac_id>1024</ac_id>
    <ac_name>WEIGHT-DIFFERENCE                  </ac_name>
    <mailname>WEIGHT-DIFFERENCE                  </mailname>
    <group>SUNDRY DEBTORS                     </group>
  </ACXML>
  <ACXML>
    <ac_id>1025</ac_id>
    <ac_name>BALANCE WITH CVD RG23A             </ac_name>
    <mailname>BALANCE WITH CVD RG23A             </mailname>
    <group>CURRENT ASSETS/LOANS &amp; ADVANCES    </group>
  </ACXML>
  <ACXML>
    <ac_id>1026</ac_id>
    <ac_name>BALANCE WITH CVD RG23C             </ac_name>
    <mailname>BALANCE WITH CVD RG23C             </mailname>
    <group>CURRENT ASSETS/LOANS &amp; ADVANCES    </group>
  </ACXML>
  <ACXML>
    <ac_id>1027</ac_id>
    <ac_name>CVD CAPITAL GOODS PAYABLE A/C      </ac_name>
    <mailname>CVD CAPITAL GOODS PAYABLE A/C      </mailname>
    <group>CURRENT ASSETS/LOANS &amp; ADVANCES    </group>
  </ACXML>
  <ACXML>
    <ac_id>1028</ac_id>
    <ac_name />
    <mailname />
    <group xml:space="preserve"> </group>
  </ACXML>
  <ACXML>
    <ac_id>1029</ac_id>
    <ac_name>TAX DEDUCTED AT SOURCE (RECEIVABLE)         </ac_name>
    <mailname>TAX DEDUCTED AT SOURCE (RECEIVABLE) A/C           </mailname>
    <group>LIABILITIES                                       </group>
  </ACXML>
  <ACXML>
    <ac_id>1030</ac_id>
    <ac_name>BALANCE WITH EXCISE SED PLA</ac_name>
    <mailname>BALANCE WITH EXCISE SED PLA</mailname>
    <group>CURRENT ASSETS/LOANS &amp; ADVANCES    </group>
  </ACXML>
  <ACXML>
    <ac_id>1031</ac_id>
    <ac_name>BALANCE WITH HCESS PLA</ac_name>
    <mailname>BALANCE WITH HCESS PLA</mailname>
    <group>CURRENT ASSETS/LOANS &amp; ADVANCES    </group>
  </ACXML>
  <ACXML>
    <ac_id>1032</ac_id>
    <ac_name>BALANCE WITH EXCISE AED RG23C</ac_name>
    <mailname>BALANCE WITH EXCISE AED RG23C</mailname>
    <group>CURRENT ASSETS/LOANS &amp; ADVANCES    </group>
  </ACXML>
  <ACXML>
    <ac_id>1033</ac_id>
    <ac_name>BALANCE WITH EXCISE NCCD RG23C</ac_name>
    <mailname>BALANCE WITH EXCISE NCCD RG23C</mailname>
    <group>CURRENT ASSETS/LOANS &amp; ADVANCES    </group>
  </ACXML>
  <ACXML>
    <ac_id>1034</ac_id>
    <ac_name>BALANCE WITH EXCISE SED RG23C</ac_name>
    <mailname>BALANCE WITH EXCISE SED RG23C</mailname>
    <group>CURRENT ASSETS/LOANS &amp; ADVANCES    </group>
  </ACXML>
  <ACXML>
    <ac_id>1035</ac_id>
    <ac_name>BALANCE WITH EXCISE TNTA RG23C</ac_name>
    <mailname>BALANCE WITH EXCISE TNTA RG23C</mailname>
    <group>CURRENT ASSETS/LOANS &amp; ADVANCES    </group>
  </ACXML>
  <ACXML>
    <ac_id>1036</ac_id>
    <ac_name>BALANCE WITH HCESS RG23A</ac_name>
    <mailname>BALANCE WITH HCESS RG23A</mailname>
    <group>CURRENT ASSETS/LOANS &amp; ADVANCES    </group>
  </ACXML>
  <ACXML>
    <ac_id>1037</ac_id>
    <ac_name>BALANCE WITH HCESS RG23C</ac_name>
    <mailname>BALANCE WITH HCESS RG23C</mailname>
    <group>CURRENT ASSETS/LOANS &amp; ADVANCES    </group>
  </ACXML>
  <ACXML>
    <ac_id>1038</ac_id>
    <ac_name>BALANCE WITH SERVICE TAX HCESS A/C                </ac_name>
    <mailname>BALANCE WITH SERVICE TAX CESS A/C                 </mailname>
    <group>CURRENT ASSETS/LOANS &amp; ADVANCES                   </group>
  </ACXML>
  <ACXML>
    <ac_id>1039</ac_id>
    <ac_name>H CESS CAPITAL GOODS PAYABLE A/C                  </ac_name>
    <mailname>H CESS CAPITAL GOODS PAYABLE A/C                  </mailname>
    <group>CURRENT ASSETS/LOANS &amp; ADVANCES                   </group>
  </ACXML>
  <ACXML>
    <ac_id>1041</ac_id>
    <ac_name>Output Vat 4% A/c</ac_name>
    <mailname>OutPut Vat 4% A/c                                 </mailname>
    <group>LIABILITIES                                       </group>
  </ACXML>
  <ACXML>
    <ac_id>1042</ac_id>
    <ac_name>Input Vat 8% A/c</ac_name>
    <mailname>InPut Vat 8% A/c                                  </mailname>
    <group>CURRENT ASSETS/LOANS &amp; ADVANCES                   </group>
  </ACXML>
  <ACXML>
    <ac_id>1043</ac_id>
    <ac_name>Input Vat 4% A/C                                  </ac_name>
    <mailname>Input Vat 4% A/C                                  </mailname>
    <group>CURRENT ASSETS/LOANS &amp; ADVANCES                   </group>
  </ACXML>
  <ACXML>
    <ac_id>1044</ac_id>
    <ac_name>Output Vat 8% A/c                                 </ac_name>
    <mailname>Output Vat 8% A/c                                 </mailname>
    <group>LIABILITIES                                       </group>
  </ACXML>
  <ACXML>
    <ac_id>1045</ac_id>
    <ac_name>EDU.CESS (194-B) ON PAYABLE A/C                   </ac_name>
    <mailname>EDU.CESS (194-B) ON PAYABLE A/C                   </mailname>
    <group>CURRENT LIABILITIES &amp; PROVISIONS                  </group>
  </ACXML>
  <ACXML>
    <ac_id>1046</ac_id>
    <ac_name>SURCHARGE (194-B) ON PAYABLE A/C                  </ac_name>
    <mailname>SURCHARGE (194-B) ON PAYABLE A/C                  </mailname>
    <group>CURRENT LIABILITIES &amp; PROVISIONS                  </group>
  </ACXML>
  <ACXML>
    <ac_id>1047</ac_id>
    <ac_name>TDS (194-B) ON PAYABLE A/C                        </ac_name>
    <mailname>TDS (194-B) ON PAYABLE A/C                        </mailname>
    <group>CURRENT LIABILITIES &amp; PROVISIONS                  </group>
  </ACXML>
  <ACXML>
    <ac_id>1048</ac_id>
    <ac_name>TDS (194-I) ON PAYABLE A/C                        </ac_name>
    <mailname>TDS (194-I) ON PAYABLE A/C                        </mailname>
    <group>CURRENT LIABILITIES &amp; PROVISIONS                  </group>
  </ACXML>
  <ACXML>
    <ac_id>1049</ac_id>
    <ac_name>SURCHARGE (194-I) ON PAYABLE A/C                  </ac_name>
    <mailname>SURCHARGE (194-I) ON PAYABLE A/C                  </mailname>
    <group>CURRENT LIABILITIES &amp; PROVISIONS                  </group>
  </ACXML>
  <ACXML>
    <ac_id>1050</ac_id>
    <ac_name>EDU.CESS (194-I) ON PAYABLE A/C                   </ac_name>
    <mailname>EDU.CESS (194-I) ON PAYABLE A/C                   </mailname>
    <group>CURRENT LIABILITIES &amp; PROVISIONS                  </group>
  </ACXML>
  <ACXML>
    <ac_id>1051</ac_id>
    <ac_name>EDU.CESS (194-J) ON PAYABLE A/C                   </ac_name>
    <mailname>EDU.CESS (194-J) ON PAYABLE A/C                   </mailname>
    <group>CURRENT LIABILITIES &amp; PROVISIONS                  </group>
  </ACXML>
  <ACXML>
    <ac_id>1052</ac_id>
    <ac_name>SURCHARGE (194-J) ON PAYABLE A/C                  </ac_name>
    <mailname>SURCHARGE (194-J) ON PAYABLE A/C                  </mailname>
    <group>CURRENT LIABILITIES &amp; PROVISIONS                  </group>
  </ACXML>
  <ACXML>
    <ac_id>1053</ac_id>
    <ac_name>TDS (194-J) ON PAYABLE A/C                        </ac_name>
    <mailname>TDS (194-J) ON PAYABLE A/C                        </mailname>
    <group>CURRENT LIABILITIES &amp; PROVISIONS                  </group>
  </ACXML>
  <ACXML>
    <ac_id>1054</ac_id>
    <ac_name>TDS (193) ON PAYABLE A/C                          </ac_name>
    <mailname>TDS (193) ON PAYABLE A/C                          </mailname>
    <group>CURRENT LIABILITIES &amp; PROVISIONS                  </group>
  </ACXML>
  <ACXML>
    <ac_id>1055</ac_id>
    <ac_name>SURCHARGE (193) ON PAYABLE A/C                    </ac_name>
    <mailname>SURCHARGE (193) ON PAYABLE A/C                    </mailname>
    <group>CURRENT LIABILITIES &amp; PROVISIONS                  </group>
  </ACXML>
  <ACXML>
    <ac_id>1056</ac_id>
    <ac_name>EDU.CESS (193) ON PAYABLE A/C                     </ac_name>
    <mailname>EDU.CESS (193) ON PAYABLE A/C                     </mailname>
    <group>CURRENT LIABILITIES &amp; PROVISIONS                  </group>
  </ACXML>
  <ACXML>
    <ac_id>1057</ac_id>
    <ac_name>EDU.CESS (194-A) ON PAYABLE A/C                   </ac_name>
    <mailname>EDU.CESS (194-A) ON PAYABLE A/C                   </mailname>
    <group>CURRENT LIABILITIES &amp; PROVISIONS                  </group>
  </ACXML>
  <ACXML>
    <ac_id>1058</ac_id>
    <ac_name>SURCHARGE (194-A) ON PAYABLE A/C                  </ac_name>
    <mailname>SURCHARGE (194-A) ON PAYABLE A/C                  </mailname>
    <group>CURRENT LIABILITIES &amp; PROVISIONS                  </group>
  </ACXML>
  <ACXML>
    <ac_id>1059</ac_id>
    <ac_name>TDS (194-A) ON PAYABLE A/C                        </ac_name>
    <mailname>TDS (194-A) ON PAYABLE A/C                        </mailname>
    <group>CURRENT LIABILITIES &amp; PROVISIONS                  </group>
  </ACXML>
  <ACXML>
    <ac_id>1061</ac_id>
    <ac_name>SURCHARGE (194-D) ON PAYABLE A/C                  </ac_name>
    <mailname>SURCHARGE (194-D) ON PAYABLE A/C                  </mailname>
    <group>CURRENT LIABILITIES &amp; PROVISIONS                  </group>
  </ACXML>
  <ACXML>
    <ac_id>1062</ac_id>
    <ac_name>EDU.CESS (194-D) ON PAYABLE A/C                   </ac_name>
    <mailname>EDU.CESS (194-D) ON PAYABLE A/C                   </mailname>
    <group>CURRENT LIABILITIES &amp; PROVISIONS                  </group>
  </ACXML>
  <ACXML>
    <ac_id>1063</ac_id>
    <ac_name>EDU.CESS (194) ON PAYABLE A/C                     </ac_name>
    <mailname>EDU.CESS (194) ON PAYABLE A/C                     </mailname>
    <group>CURRENT LIABILITIES &amp; PROVISIONS                  </group>
  </ACXML>
  <ACXML>
    <ac_id>1064</ac_id>
    <ac_name>SURCHARGE (194) ON PAYABLE A/C                    </ac_name>
    <mailname>SURCHARGE (194) ON PAYABLE A/C                    </mailname>
    <group>CURRENT LIABILITIES &amp; PROVISIONS                  </group>
  </ACXML>
  <ACXML>
    <ac_id>1067</ac_id>
    <ac_name>SURCHARGE (194-C) ON PAYABLE A/C                  </ac_name>
    <mailname>SURCHARGE (194-C) ON PAYABLE A/C                  </mailname>
    <group>CURRENT LIABILITIES &amp; PROVISIONS                  </group>
  </ACXML>
  <ACXML>
    <ac_id>1068</ac_id>
    <ac_name>EDU.CESS (194-C) ON PAYABLE A/C                   </ac_name>
    <mailname>EDU.CESS (194-C) ON PAYABLE A/C                   </mailname>
    <group>CURRENT LIABILITIES &amp; PROVISIONS                  </group>
  </ACXML>
  <ACXML>
    <ac_id>1069</ac_id>
    <ac_name>EDU.CESS (194-H) ON PAYABLE A/C                   </ac_name>
    <mailname>EDU.CESS (194-H) ON PAYABLE A/C                   </mailname>
    <group>CURRENT LIABILITIES &amp; PROVISIONS                  </group>
  </ACXML>
  <ACXML>
    <ac_id>1070</ac_id>
    <ac_name>SURCHARGE (194-H) ON PAYABLE A/C                  </ac_name>
    <mailname>SURCHARGE (194-H) ON PAYABLE A/C                  </mailname>
    <group>CURRENT LIABILITIES &amp; PROVISIONS                  </group>
  </ACXML>
  <ACXML>
    <ac_id>1072</ac_id>
    <ac_name>BALANCE WITH BCD RG23A                            </ac_name>
    <mailname>BALANCE WITH BCD RG23A                            </mailname>
    <group>CURRENT ASSETS/LOANS &amp; ADVANCES                   </group>
  </ACXML>
  <ACXML>
    <ac_id>1073</ac_id>
    <ac_name>BALANCE WITH BCD RG23C                            </ac_name>
    <mailname>BALANCE WITH BCD RG23C                            </mailname>
    <group>CURRENT ASSETS/LOANS &amp; ADVANCES                   </group>
  </ACXML>
  <ACXML>
    <ac_id>1074</ac_id>
    <ac_name>BCD CAPITAL GOODS PAYABLE A/C</ac_name>
    <mailname>BCD CAPITAL GOODS PAYABLE A/C</mailname>
    <group>CURRENT ASSETS/LOANS &amp; ADVANCES</group>
  </ACXML>
  <ACXML>
    <ac_id>1080</ac_id>
    <ac_name>S &amp; H Cess on Service Tax Available               </ac_name>
    <mailname>S &amp; H Cess on Service Tax Available               </mailname>
    <group>CURRENT ASSETS/LOANS &amp; ADVANCES                   </group>
  </ACXML>
  <ACXML>
    <ac_id>1087</ac_id>
    <ac_name>WORK ORDER                                        </ac_name>
    <mailname>WORK ORDER                                        </mailname>
    <group>SUNDRY DEBTORS                                    </group>
  </ACXML>
  <ACXML>
    <ac_id>1098</ac_id>
    <ac_name>Test Haryana</ac_name>
    <mailname>Test Haryana</mailname>
    <group>SUNDRY DEBTORS</group>
  </ACXML>
</NewDataSet>