<?xml version="1.0" standalone="yes"?>
<NewDataSet>
  <ACXML>
    <ac_id>798</ac_id>
    <ac_name>PURCHASES</ac_name>
    <mailname>PURCHASES                                         </mailname>
    <group>TRADING EXPENSES</group>
  </ACXML>
  <ACXML>
    <ac_id>799</ac_id>
    <ac_name>SALES</ac_name>
    <mailname>SALES                                             </mailname>
    <group>TRADING INCOME                                    </group>
  </ACXML>
  <ACXML>
    <ac_id>813</ac_id>
    <ac_name>SALES TAX A/C</ac_name>
    <mailname>SALES TAX A/C                                     </mailname>
    <group>EXPENSE                                           </group>
  </ACXML>
  <ACXML>
    <ac_id>815</ac_id>
    <ac_name>AMAR REMEDIES LTD.</ac_name>
    <mailname>AMAR REMEDIES LTD.                                </mailname>
    <group>SUNDRY CREDITORS                                  </group>
  </ACXML>
  <ACXML>
    <ac_id>821</ac_id>
    <ac_name>Discounts</ac_name>
    <mailname>Discounts                                         </mailname>
    <group>EXPENSE                                           </group>
  </ACXML>
  <ACXML>
    <ac_id>824</ac_id>
    <ac_name>AMAR REMEDIES LTD. (SURAT)</ac_name>
    <mailname>AMAR REMEDIES LTD. (SURAT)                        </mailname>
    <group>SUNDRY DEBTORS                                    </group>
  </ACXML>
  <ACXML>
    <ac_id>861</ac_id>
    <ac_name>Cheque Return Charges</ac_name>
    <mailname>Cheque Return Charges                             </mailname>
    <group>EXPENSE                                           </group>
  </ACXML>
  <ACXML>
    <ac_id>886</ac_id>
    <ac_name>BANK CHARGES</ac_name>
    <mailname>BANK CHARGES                                      </mailname>
    <group>EXPENSE                                           </group>
  </ACXML>
  <ACXML>
    <ac_id>888</ac_id>
    <ac_name>CASH SALES</ac_name>
    <mailname>CASH SALES                                        </mailname>
    <group>SUNDRY DEBTORS                                    </group>
  </ACXML>
  <ACXML>
    <ac_id>889</ac_id>
    <ac_name>HDFC BANK LTD</ac_name>
    <mailname>HDFC BANK LTD                                     </mailname>
    <group>CASH &amp; BANK BALANCES                              </group>
  </ACXML>
  <ACXML>
    <ac_id>890</ac_id>
    <ac_name>J.P.Enterprise</ac_name>
    <mailname>J.P.Enterprise                                    </mailname>
    <group>SUNDRY DEBTORS                                    </group>
  </ACXML>
  <ACXML>
    <ac_id>891</ac_id>
    <ac_name>PARSHWANATH  SONS</ac_name>
    <mailname>PARSHWANATH  SONS                                 </mailname>
    <group>SUNDRY DEBTORS                                    </group>
  </ACXML>
  <ACXML>
    <ac_id>892</ac_id>
    <ac_name>SANGAM TRADERS</ac_name>
    <mailname>SANGAM TRADERS                                    </mailname>
    <group>SUNDRY DEBTORS                                    </group>
  </ACXML>
  <ACXML>
    <ac_id>893</ac_id>
    <ac_name>SAGAR ENTERPRISES</ac_name>
    <mailname>SAGAR ENTERPRISES                                 </mailname>
    <group>SUNDRY DEBTORS                                    </group>
  </ACXML>
  <ACXML>
    <ac_id>894</ac_id>
    <ac_name>SANKET ENTERPRISE</ac_name>
    <mailname>SANKET ENTERPRISE                                 </mailname>
    <group>SUNDRY DEBTORS                                    </group>
  </ACXML>
  <ACXML>
    <ac_id>895</ac_id>
    <ac_name>PRIYANKA ENTERPRISES</ac_name>
    <mailname>PRIYANKA ENTERPRISES                              </mailname>
    <group>SUNDRY DEBTORS                                    </group>
  </ACXML>
  <ACXML>
    <ac_id>896</ac_id>
    <ac_name>BHAGYALAXMI ENTERPRISES</ac_name>
    <mailname>BHAGYALAXMI ENTERPRISES                           </mailname>
    <group>SUNDRY DEBTORS                                    </group>
  </ACXML>
  <ACXML>
    <ac_id>897</ac_id>
    <ac_name>R.K.TRADERS</ac_name>
    <mailname>R.K.TRADERS                                       </mailname>
    <group>SUNDRY DEBTORS                                    </group>
  </ACXML>
  <ACXML>
    <ac_id>899</ac_id>
    <ac_name>Shree classic supermarket</ac_name>
    <mailname>Shree classic supermarket                         </mailname>
    <group>SUNDRY DEBTORS                                    </group>
  </ACXML>
  <ACXML>
    <ac_id>900</ac_id>
    <ac_name>Kirtii bio pharma</ac_name>
    <mailname>Kirtii bio pharma                                 </mailname>
    <group>SUNDRY DEBTORS                                    </group>
  </ACXML>
  <ACXML>
    <ac_id>901</ac_id>
    <ac_name>B.K.DISTRIBUTORS</ac_name>
    <mailname>B.K.DISTRIBUTORS                                  </mailname>
    <group>SUNDRY DEBTORS                                    </group>
  </ACXML>
  <ACXML>
    <ac_id>902</ac_id>
    <ac_name>UMANG ENTERPRISES</ac_name>
    <mailname>UMANG ENTERPRISES                                 </mailname>
    <group>SUNDRY DEBTORS                                    </group>
  </ACXML>
  <ACXML>
    <ac_id>903</ac_id>
    <ac_name>Prithvi Marketing</ac_name>
    <mailname>Prithvi Marketing                                 </mailname>
    <group>SUNDRY DEBTORS                                    </group>
  </ACXML>
  <ACXML>
    <ac_id>904</ac_id>
    <ac_name>Reliance wellness limited</ac_name>
    <mailname>Reliance wellness limited                         </mailname>
    <group>SUNDRY DEBTORS                                    </group>
  </ACXML>
  <ACXML>
    <ac_id>905</ac_id>
    <ac_name>Jivan Enterprises</ac_name>
    <mailname>Jivan Enterprises                                 </mailname>
    <group>SUNDRY DEBTORS                                    </group>
  </ACXML>
  <ACXML>
    <ac_id>906</ac_id>
    <ac_name>Jai Matadi Tobaco</ac_name>
    <mailname>Jai Matadi Tobaco                                 </mailname>
    <group>SUNDRY DEBTORS                                    </group>
  </ACXML>
  <ACXML>
    <ac_id>907</ac_id>
    <ac_name>Niharika Enterprises</ac_name>
    <mailname>Niharika Enterprises                              </mailname>
    <group>SUNDRY DEBTORS                                    </group>
  </ACXML>
  <ACXML>
    <ac_id>908</ac_id>
    <ac_name>Aditya Agencies</ac_name>
    <mailname>Aditya Agencies                                   </mailname>
    <group>SUNDRY DEBTORS                                    </group>
  </ACXML>
  <ACXML>
    <ac_id>909</ac_id>
    <ac_name>AMAR REMEDIES LTD (HO)</ac_name>
    <mailname>AMAR REMEDIES LTD (HO)                            </mailname>
    <group>SUNDRY DEBTORS                                    </group>
  </ACXML>
  <ACXML>
    <ac_id>910</ac_id>
    <ac_name>AMAR REMEDIES LTD (DEHRADUN)</ac_name>
    <mailname>AMAR REMEDIES LTD (DEHRADUN)                      </mailname>
    <group>SUNDRY CREDITORS                                  </group>
  </ACXML>
  <ACXML>
    <ac_id>911</ac_id>
    <ac_name>Usha Enterprises</ac_name>
    <mailname>Usha Enterprises                                  </mailname>
    <group>SUNDRY DEBTORS                                    </group>
  </ACXML>
  <ACXML>
    <ac_id>912</ac_id>
    <ac_name>Rajesh Pharma Gen Dist</ac_name>
    <mailname>Rajesh Pharma Gen Dist                            </mailname>
    <group>SUNDRY DEBTORS                                    </group>
  </ACXML>
  <ACXML>
    <ac_id>913</ac_id>
    <ac_name>Sai Agencies</ac_name>
    <mailname>Sai Agencies                                      </mailname>
    <group>SUNDRY DEBTORS                                    </group>
  </ACXML>
  <ACXML>
    <ac_id>914</ac_id>
    <ac_name>Trimurti Distributor</ac_name>
    <mailname>Trimurti Distributor                              </mailname>
    <group>SUNDRY DEBTORS                                    </group>
  </ACXML>
  <ACXML>
    <ac_id>915</ac_id>
    <ac_name>Victol Gold</ac_name>
    <mailname>Victol Gold                                       </mailname>
    <group>SUNDRY DEBTORS                                    </group>
  </ACXML>
  <ACXML>
    <ac_id>917</ac_id>
    <ac_name>TREASURE ISLAND HOLIDAYS PVT.LTD</ac_name>
    <mailname>TREASURE ISLAND HOLIDAYS PVT.LTD                  </mailname>
    <group>SUNDRY DEBTORS                                    </group>
  </ACXML>
  <ACXML>
    <ac_id>918</ac_id>
    <ac_name>ABHISHEK AGENCY</ac_name>
    <mailname>ABHISHEK AGENCY                                   </mailname>
    <group>SUNDRY DEBTORS                                    </group>
  </ACXML>
  <ACXML>
    <ac_id>919</ac_id>
    <ac_name>Ahinsak Jeevan</ac_name>
    <mailname>Ahinsak Jeevan                                    </mailname>
    <group>SUNDRY DEBTORS                                    </group>
  </ACXML>
  <ACXML>
    <ac_id>920</ac_id>
    <ac_name>Al Hamid Unani and Gen.Store</ac_name>
    <mailname>Al Hamid Unani and Gen.Store                      </mailname>
    <group>SUNDRY DEBTORS                                    </group>
  </ACXML>
  <ACXML>
    <ac_id>921</ac_id>
    <ac_name>Annapurna Agency</ac_name>
    <mailname>Annapurna Agency                                  </mailname>
    <group>SUNDRY DEBTORS                                    </group>
  </ACXML>
  <ACXML>
    <ac_id>922</ac_id>
    <ac_name>Apna Bazar</ac_name>
    <mailname>Apna Bazar                                        </mailname>
    <group>SUNDRY DEBTORS                                    </group>
  </ACXML>
  <ACXML>
    <ac_id>923</ac_id>
    <ac_name>Ashtvinayak Agency</ac_name>
    <mailname>Ashtvinayak Agency                                </mailname>
    <group>SUNDRY DEBTORS                                    </group>
  </ACXML>
  <ACXML>
    <ac_id>924</ac_id>
    <ac_name>BHOOMI ENTERPRISE</ac_name>
    <mailname>BHOOMI ENTERPRISE                                 </mailname>
    <group>SUNDRY DEBTORS                                    </group>
  </ACXML>
  <ACXML>
    <ac_id>925</ac_id>
    <ac_name>DAKSH ENTERPRISE</ac_name>
    <mailname>DAKSH ENTERPRISE                                  </mailname>
    <group>SUNDRY DEBTORS                                    </group>
  </ACXML>
  <ACXML>
    <ac_id>926</ac_id>
    <ac_name>DEVENDRA ENTREPRISE</ac_name>
    <mailname>DEVENDRA ENTREPRISE                               </mailname>
    <group>SUNDRY DEBTORS                                    </group>
  </ACXML>
  <ACXML>
    <ac_id>927</ac_id>
    <ac_name>Dhanlaxmi Agency</ac_name>
    <mailname>Dhanlaxmi Agency                                  </mailname>
    <group>SUNDRY DEBTORS                                    </group>
  </ACXML>
  <ACXML>
    <ac_id>928</ac_id>
    <ac_name>Hasya trading</ac_name>
    <mailname>Hasya trading                                     </mailname>
    <group>SUNDRY DEBTORS                                    </group>
  </ACXML>
  <ACXML>
    <ac_id>929</ac_id>
    <ac_name>INFLUX MART PVT LTD.</ac_name>
    <mailname>INFLUX MART PVT LTD.                              </mailname>
    <group>SUNDRY DEBTORS                                    </group>
  </ACXML>
  <ACXML>
    <ac_id>930</ac_id>
    <ac_name>J.K.Marketing</ac_name>
    <mailname>J.K.Marketing                                     </mailname>
    <group>SUNDRY DEBTORS                                    </group>
  </ACXML>
  <ACXML>
    <ac_id>931</ac_id>
    <ac_name>JAINAM MARKETING</ac_name>
    <mailname>JAINAM MARKETING                                  </mailname>
    <group>SUNDRY DEBTORS                                    </group>
  </ACXML>
  <ACXML>
    <ac_id>932</ac_id>
    <ac_name>Jyoti Distributors</ac_name>
    <mailname>Jyoti Distributors                                </mailname>
    <group>SUNDRY DEBTORS                                    </group>
  </ACXML>
  <ACXML>
    <ac_id>933</ac_id>
    <ac_name>KARANE AGENCY</ac_name>
    <mailname>KARANE AGENCY                                     </mailname>
    <group>SUNDRY DEBTORS                                    </group>
  </ACXML>
  <ACXML>
    <ac_id>934</ac_id>
    <ac_name>M.K.AGENCIES</ac_name>
    <mailname>M.K.AGENCIES                                      </mailname>
    <group>SUNDRY DEBTORS                                    </group>
  </ACXML>
  <ACXML>
    <ac_id>935</ac_id>
    <ac_name>Maha Laxmi Entreprises</ac_name>
    <mailname>Maha Laxmi Entreprises                            </mailname>
    <group>SUNDRY DEBTORS                                    </group>
  </ACXML>
  <ACXML>
    <ac_id>936</ac_id>
    <ac_name>Mahesh Perfumary Work</ac_name>
    <mailname>Mahesh Perfumary Work                             </mailname>
    <group>SUNDRY DEBTORS                                    </group>
  </ACXML>
  <ACXML>
    <ac_id>937</ac_id>
    <ac_name>MANASI DISTRIBUTORS</ac_name>
    <mailname>MANASI DISTRIBUTORS                               </mailname>
    <group>SUNDRY DEBTORS                                    </group>
  </ACXML>
  <ACXML>
    <ac_id>938</ac_id>
    <ac_name>MATOSHREE ENTERPRISES</ac_name>
    <mailname>MATOSHREE ENTERPRISES                             </mailname>
    <group>SUNDRY DEBTORS                                    </group>
  </ACXML>
  <ACXML>
    <ac_id>939</ac_id>
    <ac_name>MEGASAVE TRADING PVT LTD</ac_name>
    <mailname>MEGASAVE TRADING PVT LTD                          </mailname>
    <group>SUNDRY DEBTORS                                    </group>
  </ACXML>
  <ACXML>
    <ac_id>940</ac_id>
    <ac_name>Milap Traders</ac_name>
    <mailname>Milap Traders                                     </mailname>
    <group>SUNDRY DEBTORS                                    </group>
  </ACXML>
  <ACXML>
    <ac_id>941</ac_id>
    <ac_name>MUMBADEVI ENTEPRISE</ac_name>
    <mailname>MUMBADEVI ENTEPRISE                               </mailname>
    <group>SUNDRY DEBTORS                                    </group>
  </ACXML>
  <ACXML>
    <ac_id>942</ac_id>
    <ac_name>N.S.ENTERPRISE</ac_name>
    <mailname>N.S.ENTERPRISE                                    </mailname>
    <group>SUNDRY DEBTORS                                    </group>
  </ACXML>
  <ACXML>
    <ac_id>943</ac_id>
    <ac_name>NAND KISHOR MEHTA</ac_name>
    <mailname>NAND KISHOR MEHTA                                 </mailname>
    <group>SUNDRY DEBTORS                                    </group>
  </ACXML>
  <ACXML>
    <ac_id>944</ac_id>
    <ac_name>N I HEBSUR</ac_name>
    <mailname>N I HEBSUR                                        </mailname>
    <group>SUNDRY DEBTORS                                    </group>
  </ACXML>
  <ACXML>
    <ac_id>945</ac_id>
    <ac_name>NATIONAL DISTRIBUTORS</ac_name>
    <mailname>NATIONAL DISTRIBUTORS                             </mailname>
    <group>SUNDRY DEBTORS                                    </group>
  </ACXML>
  <ACXML>
    <ac_id>946</ac_id>
    <ac_name>OM ENTERPRISES</ac_name>
    <mailname>OM ENTERPRISES                                    </mailname>
    <group>SUNDRY DEBTORS                                    </group>
  </ACXML>
  <ACXML>
    <ac_id>947</ac_id>
    <ac_name>OM SAI MARKETING</ac_name>
    <mailname>OM SAI MARKETING                                  </mailname>
    <group>SUNDRY DEBTORS                                    </group>
  </ACXML>
  <ACXML>
    <ac_id>948</ac_id>
    <ac_name>OM SIDHHI AGENCY</ac_name>
    <mailname>OM SIDHHI AGENCY                                  </mailname>
    <group>SUNDRY DEBTORS                                    </group>
  </ACXML>
  <ACXML>
    <ac_id>949</ac_id>
    <ac_name>PADMA DISTRIBUTOR</ac_name>
    <mailname>PADMA DISTRIBUTOR                                 </mailname>
    <group>SUNDRY DEBTORS                                    </group>
  </ACXML>
  <ACXML>
    <ac_id>950</ac_id>
    <ac_name>PADMAVATI AGENCY</ac_name>
    <mailname>PADMAVATI AGENCY                                  </mailname>
    <group>SUNDRY DEBTORS                                    </group>
  </ACXML>
  <ACXML>
    <ac_id>951</ac_id>
    <ac_name>PARSHWNATH ETREPRISE</ac_name>
    <mailname>PARSHWNATH &amp; Sons                                 </mailname>
    <group>SUNDRY DEBTORS                                    </group>
  </ACXML>
  <ACXML>
    <ac_id>952</ac_id>
    <ac_name>Pawan Agency</ac_name>
    <mailname>Pawan Agency                                      </mailname>
    <group>SUNDRY DEBTORS                                    </group>
  </ACXML>
  <ACXML>
    <ac_id>953</ac_id>
    <ac_name>PRAVIN MEDICAL AGNCY</ac_name>
    <mailname>PRAVIN MEDICAL AGENCY                             </mailname>
    <group>SUNDRY DEBTORS                                    </group>
  </ACXML>
  <ACXML>
    <ac_id>954</ac_id>
    <ac_name>PremjiBharmalChheda</ac_name>
    <mailname>PremjiBharmalChheda                               </mailname>
    <group>SUNDRY DEBTORS                                    </group>
  </ACXML>
  <ACXML>
    <ac_id>955</ac_id>
    <ac_name>PRITHVI DISTRIBUTORS</ac_name>
    <mailname>PRITHVI DISTRIBUTORS                              </mailname>
    <group>SUNDRY DEBTORS                                    </group>
  </ACXML>
  <ACXML>
    <ac_id>957</ac_id>
    <ac_name>Rahul Enterprise</ac_name>
    <mailname>Rahul Enterprise                                  </mailname>
    <group>SUNDRY DEBTORS                                    </group>
  </ACXML>
  <ACXML>
    <ac_id>958</ac_id>
    <ac_name>Rajawat Entreprises</ac_name>
    <mailname>Rajawat Entreprises                               </mailname>
    <group>SUNDRY DEBTORS                                    </group>
  </ACXML>
  <ACXML>
    <ac_id>959</ac_id>
    <ac_name>RAJESH DISTRIBUTORS</ac_name>
    <mailname>RAJESH DISTRIBUTORS                               </mailname>
    <group>SUNDRY DEBTORS                                    </group>
  </ACXML>
  <ACXML>
    <ac_id>960</ac_id>
    <ac_name>RAKESH SALES</ac_name>
    <mailname>RAKESH SALES                                      </mailname>
    <group>SUNDRY DEBTORS                                    </group>
  </ACXML>
  <ACXML>
    <ac_id>961</ac_id>
    <ac_name>RIDDHI-SIDDHI TRADERS</ac_name>
    <mailname>RIDDHI-SIDDHI TRADERS                             </mailname>
    <group>SUNDRY DEBTORS                                    </group>
  </ACXML>
  <ACXML>
    <ac_id>962</ac_id>
    <ac_name>ROOP RAJAT AGENCY</ac_name>
    <mailname>ROOP RAJAT AGENCY                                 </mailname>
    <group>SUNDRY DEBTORS                                    </group>
  </ACXML>
  <ACXML>
    <ac_id>963</ac_id>
    <ac_name>S.S.ENTERPRISES</ac_name>
    <mailname>S.S.ENTERPRISES                                   </mailname>
    <group>SUNDRY DEBTORS                                    </group>
  </ACXML>
  <ACXML>
    <ac_id>964</ac_id>
    <ac_name>S.S.MARKETING</ac_name>
    <mailname>S.S.MARKETING                                     </mailname>
    <group>SUNDRY DEBTORS                                    </group>
  </ACXML>
  <ACXML>
    <ac_id>965</ac_id>
    <ac_name>SAI MAHAK TRADERS</ac_name>
    <mailname>SAI MAHAK TRADERS                                 </mailname>
    <group>SUNDRY DEBTORS                                    </group>
  </ACXML>
  <ACXML>
    <ac_id>966</ac_id>
    <ac_name>Sanjay Distributors</ac_name>
    <mailname>Sanjay Distributors                               </mailname>
    <group>SUNDRY DEBTORS                                    </group>
  </ACXML>
  <ACXML>
    <ac_id>967</ac_id>
    <ac_name>SATYAM SHIVAM  ENTERPRISES</ac_name>
    <mailname>SATYAM SHIVAM  ENTERPRISES                        </mailname>
    <group>SUNDRY DEBTORS                                    </group>
  </ACXML>
  <ACXML>
    <ac_id>968</ac_id>
    <ac_name>SHAH AGENCY PEN</ac_name>
    <mailname>SHAH AGENCY PEN                                   </mailname>
    <group>SUNDRY DEBTORS                                    </group>
  </ACXML>
  <ACXML>
    <ac_id>969</ac_id>
    <ac_name>Shah Bhogilal Chunilala &amp; Co</ac_name>
    <mailname>Shah Bhogilal Chunilala &amp; Co                      </mailname>
    <group>SUNDRY DEBTORS                                    </group>
  </ACXML>
  <ACXML>
    <ac_id>970</ac_id>
    <ac_name>SHAH GENERAL STORE..KALHER</ac_name>
    <mailname>SHAH GENERAL STORE..KALHER                        </mailname>
    <group>SUNDRY DEBTORS                                    </group>
  </ACXML>
  <ACXML>
    <ac_id>971</ac_id>
    <ac_name>shah keshavji Padamshi</ac_name>
    <mailname xml:space="preserve">                                                  </mailname>
    <group>SUNDRY DEBTORS                                    </group>
  </ACXML>
  <ACXML>
    <ac_id>972</ac_id>
    <ac_name>SHARDA ENTERPRISES</ac_name>
    <mailname>SHARDA ENTERPRISES                                </mailname>
    <group>SUNDRY DEBTORS                                    </group>
  </ACXML>
  <ACXML>
    <ac_id>973</ac_id>
    <ac_name>Sharma Entreprise</ac_name>
    <mailname>Sharma Entreprise                                 </mailname>
    <group>SUNDRY DEBTORS                                    </group>
  </ACXML>
  <ACXML>
    <ac_id>974</ac_id>
    <ac_name>SHREE LAXMI MARKETING(NB)</ac_name>
    <mailname>SHREE LAXMI MARKETING(NB)                         </mailname>
    <group>SUNDRY DEBTORS                                    </group>
  </ACXML>
  <ACXML>
    <ac_id>975</ac_id>
    <ac_name>SHREE SADGURU AGENCY</ac_name>
    <mailname>SHREE SADGURU AGENCY                              </mailname>
    <group>SUNDRY DEBTORS                                    </group>
  </ACXML>
  <ACXML>
    <ac_id>976</ac_id>
    <ac_name>Shree Sadguru Enterprise</ac_name>
    <mailname>Shree Sadguru Enterprise                          </mailname>
    <group>SUNDRY DEBTORS                                    </group>
  </ACXML>
  <ACXML>
    <ac_id>977</ac_id>
    <ac_name>SHREE SADGURU MARKETING</ac_name>
    <mailname>SHREE SADGURU MARKETING                           </mailname>
    <group>SUNDRY DEBTORS                                    </group>
  </ACXML>
  <ACXML>
    <ac_id>978</ac_id>
    <ac_name>Shree Sai Enterprise</ac_name>
    <mailname>Shree Sai Enterprise                              </mailname>
    <group>SUNDRY DEBTORS                                    </group>
  </ACXML>
  <ACXML>
    <ac_id>979</ac_id>
    <ac_name>SHRI GANESH AGENCY</ac_name>
    <mailname>SHRI GANESH AGENCY                                </mailname>
    <group>SUNDRY DEBTORS                                    </group>
  </ACXML>
  <ACXML>
    <ac_id>980</ac_id>
    <ac_name>SHRI RANI SATI AGENCY</ac_name>
    <mailname>SHRI RANI SATI AGENCY                             </mailname>
    <group>SUNDRY DEBTORS                                    </group>
  </ACXML>
  <ACXML>
    <ac_id>981</ac_id>
    <ac_name>SHYAM AGENCY</ac_name>
    <mailname>SHYAM AGENCY                                      </mailname>
    <group>SUNDRY DEBTORS                                    </group>
  </ACXML>
  <ACXML>
    <ac_id>982</ac_id>
    <ac_name>Siddhivinayak Marketing</ac_name>
    <mailname>Siddhivinayak Marketing                           </mailname>
    <group>SUNDRY DEBTORS                                    </group>
  </ACXML>
  <ACXML>
    <ac_id>983</ac_id>
    <ac_name>SWASTIK TRADING</ac_name>
    <mailname>SWASTIK TRADING                                   </mailname>
    <group>SUNDRY DEBTORS                                    </group>
  </ACXML>
  <ACXML>
    <ac_id>984</ac_id>
    <ac_name>SWATI ENTREPRISE</ac_name>
    <mailname>SWATI ENTREPRISE                                  </mailname>
    <group>SUNDRY DEBTORS                                    </group>
  </ACXML>
  <ACXML>
    <ac_id>985</ac_id>
    <ac_name>TRIMURTI AGENCY</ac_name>
    <mailname>TRIMURTI AGENCY                                   </mailname>
    <group>SUNDRY DEBTORS                                    </group>
  </ACXML>
  <ACXML>
    <ac_id>986</ac_id>
    <ac_name>Tripple F Multitrade Pvt Ltd.</ac_name>
    <mailname>Tripple F Multitrade Pvt Ltd.                     </mailname>
    <group>SUNDRY DEBTORS                                    </group>
  </ACXML>
  <ACXML>
    <ac_id>987</ac_id>
    <ac_name>UNITED BROTHERS</ac_name>
    <mailname>UNITED BROTHERS                                   </mailname>
    <group>SUNDRY DEBTORS                                    </group>
  </ACXML>
  <ACXML>
    <ac_id>988</ac_id>
    <ac_name>VRUSHALI AGENCY</ac_name>
    <mailname>VRUSHALI AGENCY                                   </mailname>
    <group>SUNDRY DEBTORS                                    </group>
  </ACXML>
  <ACXML>
    <ac_id>989</ac_id>
    <ac_name>WADHAWAN FOOD RETAIL (P) LTD.</ac_name>
    <mailname>WADHAWAN FOOD RETAIL (P) LTD.                     </mailname>
    <group>SUNDRY DEBTORS                                    </group>
  </ACXML>
  <ACXML>
    <ac_id>990</ac_id>
    <ac_name>RWPL BHIWANDI DISTRIBUTION CENTRE</ac_name>
    <mailname>RWPL BHIWANDI DISTRIBUTION CENTRE                 </mailname>
    <group>SUNDRY DEBTORS                                    </group>
  </ACXML>
  <ACXML>
    <ac_id>991</ac_id>
    <ac_name>NARAYAN ENTREPRISE</ac_name>
    <mailname>NARAYAN ENTREPRISE                                </mailname>
    <group>SUNDRY DEBTORS                                    </group>
  </ACXML>
  <ACXML>
    <ac_id>992</ac_id>
    <ac_name>Ganesh Tea Enterprises</ac_name>
    <mailname>Ganesh Tea Enterprises                            </mailname>
    <group>SUNDRY DEBTORS                                    </group>
  </ACXML>
  <ACXML>
    <ac_id>993</ac_id>
    <ac_name>Octroi A/c</ac_name>
    <mailname>Octroi A/c                                        </mailname>
    <group>TRADING EXPENSES                                  </group>
  </ACXML>
  <ACXML>
    <ac_id>994</ac_id>
    <ac_name>FREIGHT A/C</ac_name>
    <mailname>FREIGHT A/C                                       </mailname>
    <group>EXPENSE                                           </group>
  </ACXML>
  <ACXML>
    <ac_id>995</ac_id>
    <ac_name>kbp</ac_name>
    <mailname>kbp                                               </mailname>
    <group>SUNDRY DEBTORS                                    </group>
  </ACXML>
  <ACXML>
    <ac_id>996</ac_id>
    <ac_name>SHRI SHANTERI ENTERPRISES</ac_name>
    <mailname>SHRI SHANTERI ENTERPRISES                         </mailname>
    <group>SUNDRY DEBTORS                                    </group>
  </ACXML>
  <ACXML>
    <ac_id>997</ac_id>
    <ac_name>Vikas agency</ac_name>
    <mailname>Vikas agency                                      </mailname>
    <group>SUNDRY DEBTORS                                    </group>
  </ACXML>
  <ACXML>
    <ac_id>998</ac_id>
    <ac_name>Ganesh Tea Company</ac_name>
    <mailname>Ganesh Tea Company                                </mailname>
    <group>SUNDRY DEBTORS                                    </group>
  </ACXML>
  <ACXML>
    <ac_id>999</ac_id>
    <ac_name>ICICI BANK LTD</ac_name>
    <mailname>ICICI BANK LTD                                    </mailname>
    <group>CASH &amp; BANK BALANCES                              </group>
  </ACXML>
  <ACXML>
    <ac_id>1000</ac_id>
    <ac_name>Amar Remedies Ltd.(AP)</ac_name>
    <mailname>Amar Remedies Ltd.(AP)                            </mailname>
    <group>SUNDRY DEBTORS                                    </group>
  </ACXML>
  <ACXML>
    <ac_id>1001</ac_id>
    <ac_name>sanjit distributors</ac_name>
    <mailname>sanjit distributors                               </mailname>
    <group>SUNDRY DEBTORS                                    </group>
  </ACXML>
  <ACXML>
    <ac_id>1002</ac_id>
    <ac_name>ANMOL TRADING CO</ac_name>
    <mailname>ANMOL TRADING CO                                  </mailname>
    <group>SUNDRY DEBTORS                                    </group>
  </ACXML>
  <ACXML>
    <ac_id>1003</ac_id>
    <ac_name>AMAR REMEDIES LTD (Karnataka)</ac_name>
    <mailname>AMAR REMEDIES LTD (Karnataka)                     </mailname>
    <group>SUNDRY DEBTORS                                    </group>
  </ACXML>
  <ACXML>
    <ac_id>1004</ac_id>
    <ac_name>ADITYA BIRLA RETAIL LTD.</ac_name>
    <mailname>ADITYA BIRLA RETAIL LTD.                          </mailname>
    <group>SUNDRY DEBTORS                                    </group>
  </ACXML>
  <ACXML>
    <ac_id>1005</ac_id>
    <ac_name>PRASHANT ENTERPRISES</ac_name>
    <mailname>PRASHANT ENTERPRISES                              </mailname>
    <group>SUNDRY DEBTORS                                    </group>
  </ACXML>
  <ACXML>
    <ac_id>1006</ac_id>
    <ac_name>R.K.STORES</ac_name>
    <mailname>R.K.STORES                                        </mailname>
    <group>SUNDRY DEBTORS                                    </group>
  </ACXML>
  <ACXML>
    <ac_id>1007</ac_id>
    <ac_name>MAHARESHTRA AGENCY</ac_name>
    <mailname>MAHARESHTRA AGENCY                                </mailname>
    <group>SUNDRY DEBTORS                                    </group>
  </ACXML>
  <ACXML>
    <ac_id>1008</ac_id>
    <ac_name>AMAR REMEDIES LTD (Daman)</ac_name>
    <mailname>AMAR REMEDIES LTD (Daman)                         </mailname>
    <group>SUNDRY CREDITORS                                  </group>
  </ACXML>
  <ACXML>
    <ac_id>1009</ac_id>
    <ac_name>SHREE ANIL AGENCY</ac_name>
    <mailname>SHREE ANIL AGENCY                                 </mailname>
    <group>SUNDRY DEBTORS                                    </group>
  </ACXML>
  <ACXML>
    <ac_id>1010</ac_id>
    <ac_name>ADINATH AGENCY</ac_name>
    <mailname>ADINATH AGENCY                                    </mailname>
    <group>SUNDRY DEBTORS                                    </group>
  </ACXML>
  <ACXML>
    <ac_id>1011</ac_id>
    <ac_name>MULTI SERVICES</ac_name>
    <mailname>MULTI SERVICES                                    </mailname>
    <group>SUNDRY DEBTORS                                    </group>
  </ACXML>
  <ACXML>
    <ac_id>1012</ac_id>
    <ac_name>JALARAM AYURVED GEN STORES</ac_name>
    <mailname>JALARAM AYURVED GEN STORES                        </mailname>
    <group>SUNDRY DEBTORS                                    </group>
  </ACXML>
  <ACXML>
    <ac_id>1013</ac_id>
    <ac_name>M.G.INDUSTRIES</ac_name>
    <mailname>M.G.INDUSTRIES                                    </mailname>
    <group>SUNDRY DEBTORS                                    </group>
  </ACXML>
  <ACXML>
    <ac_id>1014</ac_id>
    <ac_name>S.C.SHAH</ac_name>
    <mailname>S.C.SHAH                                          </mailname>
    <group>SUNDRY DEBTORS                                    </group>
  </ACXML>
  <ACXML>
    <ac_id>1016</ac_id>
    <ac_name>SHREE RAMDEV AGENCY</ac_name>
    <mailname>SHREE RAMDEV AGENCY                               </mailname>
    <group>SUNDRY DEBTORS                                    </group>
  </ACXML>
  <ACXML>
    <ac_id>1017</ac_id>
    <ac_name>BALAJI ENTERPRISES</ac_name>
    <mailname>BALAJI ENTERPRISES                                </mailname>
    <group>SUNDRY DEBTORS                                    </group>
  </ACXML>
  <ACXML>
    <ac_id>1018</ac_id>
    <ac_name>new renuka agency</ac_name>
    <mailname>new renuka agency                                 </mailname>
    <group>SUNDRY DEBTORS                                    </group>
  </ACXML>
  <ACXML>
    <ac_id>1019</ac_id>
    <ac_name>om sai ram agency</ac_name>
    <mailname>om sai ram agency                                 </mailname>
    <group>SUNDRY DEBTORS                                    </group>
  </ACXML>
  <ACXML>
    <ac_id>1020</ac_id>
    <ac_name>poddar marketing</ac_name>
    <mailname>poddar marketing                                  </mailname>
    <group>SUNDRY DEBTORS                                    </group>
  </ACXML>
  <ACXML>
    <ac_id>1021</ac_id>
    <ac_name>R.K.AND SONS</ac_name>
    <mailname>R.K.AND SONS                                      </mailname>
    <group>SUNDRY DEBTORS                                    </group>
  </ACXML>
  <ACXML>
    <ac_id>1022</ac_id>
    <ac_name>STATE BANK OF INDIA</ac_name>
    <mailname>STATE BANK OF INDIA                               </mailname>
    <group>CASH &amp; BANK BALANCES                              </group>
  </ACXML>
  <ACXML>
    <ac_id>1024</ac_id>
    <ac_name>CRISS ENTRIPRISES</ac_name>
    <mailname>CRISS ENTRIPRISES                                 </mailname>
    <group>SUNDRY DEBTORS                                    </group>
  </ACXML>
  <ACXML>
    <ac_id>1025</ac_id>
    <ac_name>pantalon retail ltd(india)</ac_name>
    <mailname>pantalon retail ltd(india)                        </mailname>
    <group>SUNDRY DEBTORS                                    </group>
  </ACXML>
  <ACXML>
    <ac_id>1026</ac_id>
    <ac_name>shah traders</ac_name>
    <mailname>shah traders                                      </mailname>
    <group>SUNDRY DEBTORS                                    </group>
  </ACXML>
  <ACXML>
    <ac_id>1027</ac_id>
    <ac_name>Guru datta agencies</ac_name>
    <mailname>Guru datta agencies                               </mailname>
    <group>SUNDRY DEBTORS                                    </group>
  </ACXML>
  <ACXML>
    <ac_id>1028</ac_id>
    <ac_name>Damodar agency</ac_name>
    <mailname>Damodar agency                                    </mailname>
    <group>SUNDRY DEBTORS                                    </group>
  </ACXML>
  <ACXML>
    <ac_id>1029</ac_id>
    <ac_name>Manas agency</ac_name>
    <mailname>Manas agency                                      </mailname>
    <group>SUNDRY DEBTORS                                    </group>
  </ACXML>
  <ACXML>
    <ac_id>1030</ac_id>
    <ac_name>Durgeshwar trading</ac_name>
    <mailname>Durgeshwar trading                                </mailname>
    <group>SUNDRY DEBTORS                                    </group>
  </ACXML>
  <ACXML>
    <ac_id>1031</ac_id>
    <ac_name>PANTALOON RETAIL I.LTD</ac_name>
    <mailname>PANTALOON RETAIL I.LTD                            </mailname>
    <group>SUNDRY DEBTORS                                    </group>
  </ACXML>
  <ACXML>
    <ac_id>1032</ac_id>
    <ac_name>AMAR REMEDIES LTD (Pune)</ac_name>
    <mailname>AMAR REMEDIES LTD (Pune)                          </mailname>
    <group>SUNDRY CREDITORS                                  </group>
  </ACXML>
  <ACXML>
    <ac_id>1033</ac_id>
    <ac_name>AMAR REMEDIES LTD</ac_name>
    <mailname>AMAR REMEDIES LTD                                 </mailname>
    <group>SUNDRY DEBTORS                                    </group>
  </ACXML>
  <ACXML>
    <ac_id>1034</ac_id>
    <ac_name>Datta Krupa Agency</ac_name>
    <mailname>Datta Krupa Agency                                </mailname>
    <group>SUNDRY DEBTORS                                    </group>
  </ACXML>
  <ACXML>
    <ac_id>1035</ac_id>
    <ac_name>Bhakti Trading</ac_name>
    <mailname>Bhakti Trading                                    </mailname>
    <group>SUNDRY DEBTORS                                    </group>
  </ACXML>
  <ACXML>
    <ac_id>1036</ac_id>
    <ac_name>Malbar Tea Depo</ac_name>
    <mailname>Malbar Tea Depo                                   </mailname>
    <group>SUNDRY DEBTORS                                    </group>
  </ACXML>
  <ACXML>
    <ac_id>1037</ac_id>
    <ac_name>SUSPENS</ac_name>
    <mailname>SUSPENS                                           </mailname>
    <group>SUNDRY DEBTORS                                    </group>
  </ACXML>
  <ACXML>
    <ac_id>1038</ac_id>
    <ac_name>MUMBAI GRAHAK PANCHAYAT</ac_name>
    <mailname>MUMBAI GRAHAK PANCHAYAT                           </mailname>
    <group>SUNDRY DEBTORS                                    </group>
  </ACXML>
  <ACXML>
    <ac_id>1039</ac_id>
    <ac_name>AMAR REMEDIES LTD (Kerala)</ac_name>
    <mailname>AMAR REMEDIES LTD (Kerala)                        </mailname>
    <group>SUNDRY DEBTORS                                    </group>
  </ACXML>
  <ACXML>
    <ac_id>1041</ac_id>
    <ac_name>Aditya Birla Retail Ltd.(Indore)</ac_name>
    <mailname>Aditya Birla Retail Ltd.(Indore)                  </mailname>
    <group>SUNDRY DEBTORS                                    </group>
  </ACXML>
  <ACXML>
    <ac_id>1042</ac_id>
    <ac_name>ONKAR ENTERPRISES</ac_name>
    <mailname>ONKAR ENTERPRISES                                 </mailname>
    <group>SUNDRY DEBTORS                                    </group>
  </ACXML>
  <ACXML>
    <ac_id>1043</ac_id>
    <ac_name>VARDHAMAN PROVISION STORE</ac_name>
    <mailname>VARDHAMAN PROVISION STORE                         </mailname>
    <group>SUNDRY DEBTORS                                    </group>
  </ACXML>
  <ACXML>
    <ac_id>1044</ac_id>
    <ac_name>AMAR REMEDIES LTD (Nasik)</ac_name>
    <mailname>AMAR REMEDIES LTD (Nasik)                         </mailname>
    <group>SUNDRY CREDITORS                                  </group>
  </ACXML>
  <ACXML>
    <ac_id>1045</ac_id>
    <ac_name>SALES PROMOTION</ac_name>
    <mailname>SALES PROMOTION                                   </mailname>
    <group>EXPENSE                                           </group>
  </ACXML>
  <ACXML>
    <ac_id>1046</ac_id>
    <ac_name>AMAR REMEDIES LTD (Rajasthan)</ac_name>
    <mailname>AMAR REMEDIES LTD (Rajasthan)                     </mailname>
    <group>SUNDRY DEBTORS                                    </group>
  </ACXML>
  <ACXML>
    <ac_id>1047</ac_id>
    <ac_name>AADINATH AGENCIES</ac_name>
    <mailname>AADINATH AGENCIES</mailname>
    <group>SUNDRY DEBTORS</group>
  </ACXML>
  <ACXML>
    <ac_id>1048</ac_id>
    <ac_name>ABHILASHA AGENCIES</ac_name>
    <mailname>ABHILASHA AGENCIES                                </mailname>
    <group>SUNDRY DEBTORS                                    </group>
  </ACXML>
  <ACXML>
    <ac_id>1049</ac_id>
    <ac_name>AMEER KIRANA</ac_name>
    <mailname>AMEER KIRANA                                      </mailname>
    <group>SUNDRY DEBTORS                                    </group>
  </ACXML>
  <ACXML>
    <ac_id>1050</ac_id>
    <ac_name>ASHOK STORES</ac_name>
    <mailname>ASHOK STORES                                      </mailname>
    <group>SUNDRY DEBTORS                                    </group>
  </ACXML>
  <ACXML>
    <ac_id>1051</ac_id>
    <ac_name>BALAJI AGENCY</ac_name>
    <mailname>BALAJI AGENCY                                     </mailname>
    <group>SUNDRY DEBTORS                                    </group>
  </ACXML>
  <ACXML>
    <ac_id>1052</ac_id>
    <ac_name>BARDIYA BROTHAR</ac_name>
    <mailname>BARDIYA BROTHAR                                   </mailname>
    <group>SUNDRY DEBTORS                                    </group>
  </ACXML>
  <ACXML>
    <ac_id>1053</ac_id>
    <ac_name>BHANDARI AGENCIES</ac_name>
    <mailname>BHANDARI AGENCIES                                 </mailname>
    <group>SUNDRY DEBTORS                                    </group>
  </ACXML>
  <ACXML>
    <ac_id>1054</ac_id>
    <ac_name>BORA AGENCIES</ac_name>
    <mailname>BORA AGENCIES                                     </mailname>
    <group>SUNDRY DEBTORS                                    </group>
  </ACXML>
  <ACXML>
    <ac_id>1055</ac_id>
    <ac_name>HIRA GIFT</ac_name>
    <mailname>HIRA GIFT                                         </mailname>
    <group>SUNDRY DEBTORS                                    </group>
  </ACXML>
  <ACXML>
    <ac_id>1056</ac_id>
    <ac_name>JAGDAMBA AGENCY</ac_name>
    <mailname>JAGDAMBA AGENCY                                   </mailname>
    <group>SUNDRY DEBTORS                                    </group>
  </ACXML>
  <ACXML>
    <ac_id>1057</ac_id>
    <ac_name>JAGRUTI AGENCY</ac_name>
    <mailname>JAGRUTI AGENCY                                    </mailname>
    <group>SUNDRY DEBTORS                                    </group>
  </ACXML>
  <ACXML>
    <ac_id>1058</ac_id>
    <ac_name>KALYANI PROVISION</ac_name>
    <mailname>KALYANI PROVISION                                 </mailname>
    <group>SUNDRY DEBTORS                                    </group>
  </ACXML>
  <ACXML>
    <ac_id>1059</ac_id>
    <ac_name>LAXMI AGENCY</ac_name>
    <mailname>LAXMI AGENCY                                      </mailname>
    <group>SUNDRY DEBTORS                                    </group>
  </ACXML>
  <ACXML>
    <ac_id>1060</ac_id>
    <ac_name>LUNAWAT PROVISION</ac_name>
    <mailname>LUNAWAT PROVISION                                 </mailname>
    <group>SUNDRY DEBTORS                                    </group>
  </ACXML>
  <ACXML>
    <ac_id>1061</ac_id>
    <ac_name>MAHAVIR AGENCY</ac_name>
    <mailname>MAHAVIR AGENCY                                    </mailname>
    <group>SUNDRY DEBTORS                                    </group>
  </ACXML>
  <ACXML>
    <ac_id>1062</ac_id>
    <ac_name>MANGAL TRADERS</ac_name>
    <mailname>MANGAL TRADERS                                    </mailname>
    <group>SUNDRY DEBTORS                                    </group>
  </ACXML>
  <ACXML>
    <ac_id>1063</ac_id>
    <ac_name>MEHATA TRADERS</ac_name>
    <mailname>MEHATA TRADERS                                    </mailname>
    <group>SUNDRY DEBTORS                                    </group>
  </ACXML>
  <ACXML>
    <ac_id>1064</ac_id>
    <ac_name>NAVANDAR BROTHERS</ac_name>
    <mailname>NAVANDAR BROTHERS                                 </mailname>
    <group>SUNDRY DEBTORS                                    </group>
  </ACXML>
  <ACXML>
    <ac_id>1065</ac_id>
    <ac_name>NAVKAR PROVISION</ac_name>
    <mailname>NAVKAR PROVISION                                  </mailname>
    <group>SUNDRY DEBTORS                                    </group>
  </ACXML>
  <ACXML>
    <ac_id>1066</ac_id>
    <ac_name>NITIN AGENCIES</ac_name>
    <mailname>NITIN AGENCIES                                    </mailname>
    <group>SUNDRY DEBTORS                                    </group>
  </ACXML>
  <ACXML>
    <ac_id>1067</ac_id>
    <ac_name>ONKAR MARKETING</ac_name>
    <mailname>ONKAR MARKETING                                   </mailname>
    <group>SUNDRY DEBTORS                                    </group>
  </ACXML>
  <ACXML>
    <ac_id>1068</ac_id>
    <ac_name>PITRESHWAR TRADERS</ac_name>
    <mailname>PITRESHWAR TRADERS                                </mailname>
    <group>SUNDRY DEBTORS                                    </group>
  </ACXML>
  <ACXML>
    <ac_id>1069</ac_id>
    <ac_name>POOJA AGENCY</ac_name>
    <mailname>POOJA AGENCY                                      </mailname>
    <group>SUNDRY DEBTORS                                    </group>
  </ACXML>
  <ACXML>
    <ac_id>1070</ac_id>
    <ac_name>PRACHET DISTRIBUTORS</ac_name>
    <mailname>PRACHET DISTRIBUTORS                              </mailname>
    <group>SUNDRY DEBTORS                                    </group>
  </ACXML>
  <ACXML>
    <ac_id>1071</ac_id>
    <ac_name>PRIYANKA ENTERPRISES (Nasik)</ac_name>
    <mailname>PRIYANKA ENTERPRISES (Nasik)                      </mailname>
    <group>SUNDRY DEBTORS                                    </group>
  </ACXML>
  <ACXML>
    <ac_id>1072</ac_id>
    <ac_name>RADHIKA AGENCY</ac_name>
    <mailname>RADHIKA AGENCY                                    </mailname>
    <group>SUNDRY DEBTORS                                    </group>
  </ACXML>
  <ACXML>
    <ac_id>1073</ac_id>
    <ac_name>SABA TRADING CO</ac_name>
    <mailname>SABA TRADING CO                                   </mailname>
    <group>SUNDRY DEBTORS                                    </group>
  </ACXML>
  <ACXML>
    <ac_id>1074</ac_id>
    <ac_name>SAI ENTERPRISES</ac_name>
    <mailname>SAI ENTERPRISES                                   </mailname>
    <group>SUNDRY DEBTORS                                    </group>
  </ACXML>
  <ACXML>
    <ac_id>1075</ac_id>
    <ac_name>V.KUMAR GENERAL AGENCIES</ac_name>
    <mailname>V.KUMAR GENERAL AGENCIES                          </mailname>
    <group>SUNDRY DEBTORS                                    </group>
  </ACXML>
  <ACXML>
    <ac_id>1076</ac_id>
    <ac_name>VAISHNAVI AGENCIES</ac_name>
    <mailname>VAISHNAVI AGENCIES                                </mailname>
    <group>SUNDRY DEBTORS                                    </group>
  </ACXML>
  <ACXML>
    <ac_id>1077</ac_id>
    <ac_name>VARDAMAN AGENCY (DEOLA)</ac_name>
    <mailname>VARDAMAN AGENCY (DEOLA)                           </mailname>
    <group>SUNDRY CREDITORS                                  </group>
  </ACXML>
  <ACXML>
    <ac_id>1078</ac_id>
    <ac_name>SANDEEP AGENCY</ac_name>
    <mailname>SANDEEP AGENCY                                    </mailname>
    <group>SUNDRY DEBTORS                                    </group>
  </ACXML>
  <ACXML>
    <ac_id>1079</ac_id>
    <ac_name>VARSHA AGENCIES</ac_name>
    <mailname>VARSHA AGENCIES                                   </mailname>
    <group>SUNDRY DEBTORS                                    </group>
  </ACXML>
  <ACXML>
    <ac_id>1080</ac_id>
    <ac_name>VENKETESH ENTERPRISES</ac_name>
    <mailname>VENKETESH ENTERPRISES                             </mailname>
    <group>SUNDRY DEBTORS                                    </group>
  </ACXML>
  <ACXML>
    <ac_id>1081</ac_id>
    <ac_name>SANTOSH AGENCY</ac_name>
    <mailname>SANTOSH AGENCY                                    </mailname>
    <group>SUNDRY DEBTORS                                    </group>
  </ACXML>
  <ACXML>
    <ac_id>1082</ac_id>
    <ac_name>VYAS MEDICAL</ac_name>
    <mailname>VYAS MEDICAL                                      </mailname>
    <group>SUNDRY DEBTORS                                    </group>
  </ACXML>
  <ACXML>
    <ac_id>1083</ac_id>
    <ac_name>SARVESH AGENCIES</ac_name>
    <mailname>SARVESH AGENCIES                                  </mailname>
    <group>SUNDRY DEBTORS                                    </group>
  </ACXML>
  <ACXML>
    <ac_id>1084</ac_id>
    <ac_name>SHIVKRUPA TRADERS</ac_name>
    <mailname>SHIVKRUPA TRADERS                                 </mailname>
    <group>SUNDRY DEBTORS                                    </group>
  </ACXML>
  <ACXML>
    <ac_id>1085</ac_id>
    <ac_name>SHIVRAI TRADING COMPANY</ac_name>
    <mailname>SHIVRAI TRADING COMPANY                           </mailname>
    <group>SUNDRY DEBTORS                                    </group>
  </ACXML>
  <ACXML>
    <ac_id>1086</ac_id>
    <ac_name>SHREE ADINATH AGENCY</ac_name>
    <mailname>SHREE ADINATH AGENCY                              </mailname>
    <group>SUNDRY DEBTORS                                    </group>
  </ACXML>
  <ACXML>
    <ac_id>1087</ac_id>
    <ac_name>SHREE AGENCIES</ac_name>
    <mailname>SHREE AGENCIES                                    </mailname>
    <group>SUNDRY DEBTORS                                    </group>
  </ACXML>
  <ACXML>
    <ac_id>1088</ac_id>
    <ac_name>SHREE AGENCY</ac_name>
    <mailname>SHREE AGENCY                                      </mailname>
    <group>SUNDRY DEBTORS                                    </group>
  </ACXML>
  <ACXML>
    <ac_id>1089</ac_id>
    <ac_name>SHREE DATTA AGENCIES</ac_name>
    <mailname>SHREE DATTA AGENCIES                              </mailname>
    <group>SUNDRY DEBTORS                                    </group>
  </ACXML>
  <ACXML>
    <ac_id>1090</ac_id>
    <ac_name>SHREE SAMARTH TRADERS</ac_name>
    <mailname>SHREE SAMARTH TRADERS                             </mailname>
    <group>SUNDRY DEBTORS                                    </group>
  </ACXML>
  <ACXML>
    <ac_id>1091</ac_id>
    <ac_name>SHRI AGENCY</ac_name>
    <mailname>SHRI AGENCY                                       </mailname>
    <group>SUNDRY DEBTORS                                    </group>
  </ACXML>
  <ACXML>
    <ac_id>1092</ac_id>
    <ac_name>SHRI NARAYANI AGENCY</ac_name>
    <mailname>SHRI NARAYANI AGENCY                              </mailname>
    <group>SUNDRY DEBTORS                                    </group>
  </ACXML>
  <ACXML>
    <ac_id>1093</ac_id>
    <ac_name>SHRI RENUKA AGENCIES</ac_name>
    <mailname>SHRI RENUKA AGENCIES                              </mailname>
    <group>SUNDRY DEBTORS                                    </group>
  </ACXML>
  <ACXML>
    <ac_id>1094</ac_id>
    <ac_name>RATE DIFFERENCE</ac_name>
    <mailname>RATE DIFFERENCE                                   </mailname>
    <group>EXPENSE                                           </group>
  </ACXML>
  <ACXML>
    <ac_id>1095</ac_id>
    <ac_name>SAI AGENCY</ac_name>
    <mailname>SAI AGENCY                                        </mailname>
    <group>SUNDRY DEBTORS                                    </group>
  </ACXML>
  <ACXML>
    <ac_id>1096</ac_id>
    <ac_name>A ONE ZARDA STORS</ac_name>
    <mailname>A ONE ZARDA STORS</mailname>
    <group>SUNDRY DEBTORS</group>
  </ACXML>
  <ACXML>
    <ac_id>1097</ac_id>
    <ac_name>KAMATH RESIDENCY RESORT</ac_name>
    <mailname>KAMATH RESIDENCY RESORT                           </mailname>
    <group>SUNDRY DEBTORS                                    </group>
  </ACXML>
  <ACXML>
    <ac_id>1098</ac_id>
    <ac_name>Ms PRAGATI GROUP</ac_name>
    <mailname>Ms PRAGATI GROUP                                  </mailname>
    <group>SUNDRY DEBTORS                                    </group>
  </ACXML>
  <ACXML>
    <ac_id>1099</ac_id>
    <ac_name>PANTALOON RETAIL INDIA LAWATE NAGAR</ac_name>
    <mailname>PANTALOON RETAIL INDIA LAWATE NAGAR               </mailname>
    <group>SUNDRY DEBTORS                                    </group>
  </ACXML>
  <ACXML>
    <ac_id>1100</ac_id>
    <ac_name>SHRI SAI ENTERPRISES</ac_name>
    <mailname>shri sai enterprises satpur                       </mailname>
    <group>SUNDRY DEBTORS                                    </group>
  </ACXML>
  <ACXML>
    <ac_id>1101</ac_id>
    <ac_name>CASH SALES (HO)</ac_name>
    <mailname>CASH SALES (HO)                                   </mailname>
    <group>SUNDRY DEBTORS                                    </group>
  </ACXML>
  <ACXML>
    <ac_id>1102</ac_id>
    <ac_name>SIDHIVINAYAK ENTERPRISES (Nasik)</ac_name>
    <mailname>SIDHIVINAYAK ENTERPRISES (Nasik)                  </mailname>
    <group>SUNDRY DEBTORS                                    </group>
  </ACXML>
  <ACXML>
    <ac_id>1103</ac_id>
    <ac_name>SAMEER ENTERPRISES</ac_name>
    <mailname>SAMEER ENTERPRISES                                </mailname>
    <group>SUNDRY DEBTORS                                    </group>
  </ACXML>
  <ACXML>
    <ac_id>1104</ac_id>
    <ac_name>Siddhivinayak Enterprises</ac_name>
    <mailname>Siddhivinayak Enterprises                         </mailname>
    <group>SUNDRY DEBTORS                                    </group>
  </ACXML>
  <ACXML>
    <ac_id>1105</ac_id>
    <ac_name>SHREE SWAMI SAMARTHA MARKETING</ac_name>
    <mailname>SHREE SWAMI SAMARTHA MARKETING                    </mailname>
    <group>SUNDRY DEBTORS                                    </group>
  </ACXML>
  <ACXML>
    <ac_id>1106</ac_id>
    <ac_name>AARATI TRADE CONCERN</ac_name>
    <mailname>AARATI TRADE CONCERN                              </mailname>
    <group>SUNDRY DEBTORS                                    </group>
  </ACXML>
  <ACXML>
    <ac_id>1107</ac_id>
    <ac_name>Sana Sales And Marketing</ac_name>
    <mailname>Sana Sales And Marketing                          </mailname>
    <group>SUNDRY DEBTORS                                    </group>
  </ACXML>
  <ACXML>
    <ac_id>1108</ac_id>
    <ac_name>Sakshi Enterprises</ac_name>
    <mailname>Sakshi Enterprises                                </mailname>
    <group>SUNDRY DEBTORS                                    </group>
  </ACXML>
  <ACXML>
    <ac_id>1109</ac_id>
    <ac_name>AMAR REMEDIES LTD (Delhi)</ac_name>
    <mailname>AMAR REMEDIES LTD (Delhi)                         </mailname>
    <group>SUNDRY CREDITORS                                  </group>
  </ACXML>
  <ACXML>
    <ac_id>1111</ac_id>
    <ac_name>MAHESH AGNECY</ac_name>
    <mailname>MAHESH AGNECY                                     </mailname>
    <group>SUNDRY DEBTORS                                    </group>
  </ACXML>
  <ACXML>
    <ac_id>1112</ac_id>
    <ac_name>LEGAL EXPENSES</ac_name>
    <mailname>LEGAL EXPENSES                                    </mailname>
    <group>EXPENSE                                           </group>
  </ACXML>
  <ACXML>
    <ac_id>1113</ac_id>
    <ac_name>GOEL ASSOCIATES</ac_name>
    <mailname>GOEL ASSOCIATES                                   </mailname>
    <group>SUNDRY DEBTORS                                    </group>
  </ACXML>
  <ACXML>
    <ac_id>1114</ac_id>
    <ac_name>AMAR REMEDIES LTD.( LUCKNOW)</ac_name>
    <mailname>AMAR REMEDIES LTD.( LUCKNOW)                      </mailname>
    <group>SUNDRY CREDITORS                                  </group>
  </ACXML>
  <ACXML>
    <ac_id>1115</ac_id>
    <ac_name>Jai Matadi Agencies</ac_name>
    <mailname>Jai Matadi Agencies                               </mailname>
    <group>SUNDRY DEBTORS                                    </group>
  </ACXML>
  <ACXML>
    <ac_id>1116</ac_id>
    <ac_name>Shri Raghavendra Agency</ac_name>
    <mailname>Shri Raghavendra Agency                           </mailname>
    <group>SUNDRY DEBTORS                                    </group>
  </ACXML>
  <ACXML>
    <ac_id>1117</ac_id>
    <ac_name>CLASSIC COLLECTIONS</ac_name>
    <mailname>CLASSIC COLLECTIONS                               </mailname>
    <group>SUNDRY DEBTORS                                    </group>
  </ACXML>
  <ACXML>
    <ac_id>1118</ac_id>
    <ac_name>AIOCD LTD</ac_name>
    <mailname>AIOCD LTD                                         </mailname>
    <group>SUNDRY DEBTORS                                    </group>
  </ACXML>
  <ACXML>
    <ac_id>1119</ac_id>
    <ac_name>Amar Remedies Ltd. (Nagpur)</ac_name>
    <mailname>Amar Remedies Ltd. (Nagpur)                       </mailname>
    <group>SUNDRY CREDITORS                                  </group>
  </ACXML>
  <ACXML>
    <ac_id>1120</ac_id>
    <ac_name>Sumangal Marketing Co</ac_name>
    <mailname>Sumangal Marketing Co                             </mailname>
    <group>SUNDRY DEBTORS                                    </group>
  </ACXML>
  <ACXML>
    <ac_id>1122</ac_id>
    <ac_name>AMAR REMEDIES LTD (Punjab)</ac_name>
    <mailname>AMAR REMEDIES LTD (Punjab)                        </mailname>
    <group>SUNDRY DEBTORS                                    </group>
  </ACXML>
  <ACXML>
    <ac_id>1123</ac_id>
    <ac_name>JIVDANI SALES AGENCY</ac_name>
    <mailname>JIVDANI SALES AGENCY                              </mailname>
    <group>SUNDRY DEBTORS                                    </group>
  </ACXML>
  <ACXML>
    <ac_id>1124</ac_id>
    <ac_name>AMAR REMEDIES LTD (WB)</ac_name>
    <mailname>AMAR REMEDIES LTD (WB)                            </mailname>
    <group>SUNDRY DEBTORS                                    </group>
  </ACXML>
  <ACXML>
    <ac_id>1125</ac_id>
    <ac_name>AMAR REMEDIES LTD (Prabhadevi)</ac_name>
    <mailname>AMAR REMEDIES LTD (Prabhadevi)                    </mailname>
    <group>SUNDRY DEBTORS                                    </group>
  </ACXML>
  <ACXML>
    <ac_id>1126</ac_id>
    <ac_name>GOEL MARKETING</ac_name>
    <mailname>GOEL MARKETING                                    </mailname>
    <group>SUNDRY DEBTORS                                    </group>
  </ACXML>
  <ACXML>
    <ac_id>1127</ac_id>
    <ac_name>COSMOS</ac_name>
    <mailname>COSMOS                                            </mailname>
    <group>SUNDRY DEBTORS                                    </group>
  </ACXML>
  <ACXML>
    <ac_id>1128</ac_id>
    <ac_name>BHARTDWAJE TRADING</ac_name>
    <mailname>BHARTDWAJE TRADING                                </mailname>
    <group>SUNDRY DEBTORS                                    </group>
  </ACXML>
  <ACXML>
    <ac_id>1129</ac_id>
    <ac_name>R.S.TRADING</ac_name>
    <mailname>R.S.TRADING                                       </mailname>
    <group>SUNDRY DEBTORS                                    </group>
  </ACXML>
  <ACXML>
    <ac_id>1130</ac_id>
    <ac_name>Prathamesh Enterprises</ac_name>
    <mailname>Prathamesh Enterprises                            </mailname>
    <group>SUNDRY DEBTORS                                    </group>
  </ACXML>
  <ACXML>
    <ac_id>1131</ac_id>
    <ac_name>Reliance Fresh Ltd (Pune)</ac_name>
    <mailname>Reliance Fresh Ltd (Pune)                         </mailname>
    <group>SUNDRY DEBTORS                                    </group>
  </ACXML>
  <ACXML>
    <ac_id>1132</ac_id>
    <ac_name>R.P.trading corporation</ac_name>
    <mailname>R.P.trading corporation                           </mailname>
    <group>SUNDRY DEBTORS                                    </group>
  </ACXML>
  <ACXML>
    <ac_id>1133</ac_id>
    <ac_name>Gaurav Enterprises</ac_name>
    <mailname>Gaurav Enterprises                                </mailname>
    <group>SUNDRY DEBTORS                                    </group>
  </ACXML>
  <ACXML>
    <ac_id>1134</ac_id>
    <ac_name>ADITYA BIRLA RETAIL LTD (Thane)</ac_name>
    <mailname>ADITYA BIRLA RETAIL LTD (Thane)                   </mailname>
    <group>SUNDRY DEBTORS                                    </group>
  </ACXML>
  <ACXML>
    <ac_id>1135</ac_id>
    <ac_name>TECHNO RELIEF OVERSEAS (I) PVT LTD</ac_name>
    <mailname>TECHNO RELIEF OVERSEAS (I) PVT LTD                </mailname>
    <group>SUNDRY DEBTORS                                    </group>
  </ACXML>
  <ACXML>
    <ac_id>1136</ac_id>
    <ac_name>CASH IN HAND                       </ac_name>
    <mailname>CASH IN HAND                       </mailname>
    <group>CASH &amp; BANK BALANCES               </group>
  </ACXML>
  <ACXML>
    <ac_id>1137</ac_id>
    <ac_name>CLOSING STOCK (P &amp; L)              </ac_name>
    <mailname>CLOSING STOCK (P &amp; L)              </mailname>
    <group>TRADING INCOME                     </group>
  </ACXML>
  <ACXML>
    <ac_id>1138</ac_id>
    <ac_name>SELLING EXPENSES                   </ac_name>
    <mailname>SELLING EXPENSES                   </mailname>
    <group>EXPENSE                            </group>
  </ACXML>
  <ACXML>
    <ac_id>1139</ac_id>
    <ac_name>DEPRECIATION                       </ac_name>
    <mailname>DEPRECIATION                       </mailname>
    <group>EXPENSE                            </group>
  </ACXML>
  <ACXML>
    <ac_id>1141</ac_id>
    <ac_name>OPENING STOCK                      </ac_name>
    <mailname>OPENING STOCK                      </mailname>
    <group>TRADING EXPENSE</group>
  </ACXML>
  <ACXML>
    <ac_id>1142</ac_id>
    <ac_name>OPENING BALANCES                   </ac_name>
    <mailname>OPENING BALANCES                   </mailname>
    <group>ASSETS                             </group>
  </ACXML>
  <ACXML>
    <ac_id>1143</ac_id>
    <ac_name>PROVISIONAL EXPENSES               </ac_name>
    <mailname>PROVISIONAL EXPENSES               </mailname>
    <group>CURRENT LIABILITIES &amp; PROVISIONS   </group>
  </ACXML>
  <ACXML>
    <ac_id>1144</ac_id>
    <ac_name>PROVISIONAL EXPENSES (P &amp; L)       </ac_name>
    <mailname>PROVISIONAL EXPENSES (P &amp; L)       </mailname>
    <group>EXPENSE                            </group>
  </ACXML>
  <ACXML>
    <ac_id>1145</ac_id>
    <ac_name>PETTY CASH BOOK                    </ac_name>
    <mailname>PETTY CASH BOOK                    </mailname>
    <group>PETTY CASH                         </group>
  </ACXML>
  <ACXML>
    <ac_id>1146</ac_id>
    <ac_name>TAX DEDUCTED AT SOURCE (PAYABLE)   </ac_name>
    <mailname>TAX DEDUCTED AT SOURCE (PAYABLE)   </mailname>
    <group>EXPENSE                            </group>
  </ACXML>
  <ACXML>
    <ac_id>1147</ac_id>
    <ac_name>DISCOUNT (BILLS)                   </ac_name>
    <mailname>DISCOUNT (BILLS)                   </mailname>
    <group>EXPENSE                            </group>
  </ACXML>
  <ACXML>
    <ac_id>1149</ac_id>
    <ac_name>POSTAGE &amp; TELEGRAPH                </ac_name>
    <mailname>POSTAGE &amp; TELEGRAPH                </mailname>
    <group>EXPENSE                            </group>
  </ACXML>
  <ACXML>
    <ac_id>1150</ac_id>
    <ac_name>PRINTING &amp; STATIONERY              </ac_name>
    <mailname>PRINTING &amp; STATIONERY              </mailname>
    <group>EXPENSE                            </group>
  </ACXML>
  <ACXML>
    <ac_id>1151</ac_id>
    <ac_name>BALANCE WITH B1-BOND               </ac_name>
    <mailname>BALANCE WITH B1-BOND               </mailname>
    <group>CURRENT ASSETS/LOANS &amp; ADVANCES    </group>
  </ACXML>
  <ACXML>
    <ac_id>1152</ac_id>
    <ac_name>BALANCE WITH EXCISE CESS           </ac_name>
    <mailname>BALANCE WITH EXCISE CESS           </mailname>
    <group>CURRENT ASSETS/LOANS &amp; ADVANCES    </group>
  </ACXML>
  <ACXML>
    <ac_id>1153</ac_id>
    <ac_name>BALANCE WITH EXCISE PLA            </ac_name>
    <mailname>BALANCE WITH EXCISE PLA            </mailname>
    <group>CURRENT ASSETS/LOANS &amp; ADVANCES    </group>
  </ACXML>
  <ACXML>
    <ac_id>1154</ac_id>
    <ac_name>BALANCE WITH EXCISE RG23A</ac_name>
    <mailname>BALANCE WITH EXCISE RG23A</mailname>
    <group>CURRENT ASSETS/LOANS &amp; ADVANCES    </group>
  </ACXML>
  <ACXML>
    <ac_id>1155</ac_id>
    <ac_name>BALANCE WITH EXCISE RG23C</ac_name>
    <mailname>BALANCE WITH EXCISE RG23C</mailname>
    <group>CURRENT ASSETS/LOANS &amp; ADVANCES    </group>
  </ACXML>
  <ACXML>
    <ac_id>1156</ac_id>
    <ac_name>BALANCE WITH RULE 173H A/C.        </ac_name>
    <mailname>BALANCE WITH RULE 173H A/C.        </mailname>
    <group>CURRENT ASSETS/LOANS &amp; ADVANCES    </group>
  </ACXML>
  <ACXML>
    <ac_id>1157</ac_id>
    <ac_name>EXCISE ACCOUNT                     </ac_name>
    <mailname>EXCISE ACCOUNT                     </mailname>
    <group>LIABILITIES                        </group>
  </ACXML>
  <ACXML>
    <ac_id>1158</ac_id>
    <ac_name>INVESTMENT ALLOWANCE RESERVE       </ac_name>
    <mailname>INVESTMENT ALLOWANCE RESERVE       </mailname>
    <group>LIABILITIES                        </group>
  </ACXML>
  <ACXML>
    <ac_id>1159</ac_id>
    <ac_name>OUTPUT FROM PRODUCTION             </ac_name>
    <mailname>OUTPUT FROM PRODUCTION             </mailname>
    <group>CREDITORS FOR EXPENSES             </group>
  </ACXML>
  <ACXML>
    <ac_id>1160</ac_id>
    <ac_name>USE FOR PRODUCTION                 </ac_name>
    <mailname>USE FOR PRODUCTION                 </mailname>
    <group>CREDITORS FOR GOODS                </group>
  </ACXML>
  <ACXML>
    <ac_id>1161</ac_id>
    <ac_name>WORK IN PROGRESS ISSUE             </ac_name>
    <mailname>WORK IN PROGRESS ISSUE             </mailname>
    <group>CREDITORS FOR EXPENSES             </group>
  </ACXML>
  <ACXML>
    <ac_id>1162</ac_id>
    <ac_name>WORK IN PROGRESS RECEIPT                          </ac_name>
    <mailname>WORK IN PROGRESS RECEIPT                          </mailname>
    <group>CREDITORS FOR GOODS                               </group>
  </ACXML>
  <ACXML>
    <ac_id>1163</ac_id>
    <ac_name>EXCISE CAPITAL GOODS PAYABLE A/C   </ac_name>
    <mailname>EXCISE CAPITAL GOODS PAYABLE A/C   </mailname>
    <group>CURRENT ASSETS/LOANS &amp; ADVANCES    </group>
  </ACXML>
  <ACXML>
    <ac_id>1164</ac_id>
    <ac_name>BALANCE WITH EXCISE AED RG23A</ac_name>
    <mailname>BALANCE WITH EXCISE AED RG23A</mailname>
    <group>CURRENT ASSETS/LOANS &amp; ADVANCES    </group>
  </ACXML>
  <ACXML>
    <ac_id>1165</ac_id>
    <ac_name>BALANCE WITH EXCISE AED PLA    </ac_name>
    <mailname>BALANCE WITH EXCISE AED PLA    </mailname>
    <group>CURRENT ASSETS/LOANS &amp; ADVANCES    </group>
  </ACXML>
  <ACXML>
    <ac_id>1166</ac_id>
    <ac_name>BALANCE WITH EXCISE NCCD RG23A</ac_name>
    <mailname>BALANCE WITH EXCISE NCCD RG23A</mailname>
    <group>CURRENT ASSETS/LOANS &amp; ADVANCES    </group>
  </ACXML>
  <ACXML>
    <ac_id>1167</ac_id>
    <ac_name>BALANCE WITH EXCISE NCCD PLA</ac_name>
    <mailname>BALANCE WITH EXCISE NCCD PLA</mailname>
    <group>CURRENT ASSETS/LOANS &amp; ADVANCES    </group>
  </ACXML>
  <ACXML>
    <ac_id>1168</ac_id>
    <ac_name>BALANCE WITH EXCISE SED RG23A</ac_name>
    <mailname>BALANCE WITH EXCISE SED RG23A</mailname>
    <group>CURRENT ASSETS/LOANS &amp; ADVANCES    </group>
  </ACXML>
  <ACXML>
    <ac_id>1169</ac_id>
    <ac_name>BALANCE WITH EXCISE TNTA RG23A</ac_name>
    <mailname>BALANCE WITH EXCISE TNTA RG23A</mailname>
    <group>CURRENT ASSETS/LOANS &amp; ADVANCES    </group>
  </ACXML>
  <ACXML>
    <ac_id>1170</ac_id>
    <ac_name>BALANCE WITH EXCISE TNTA PLA</ac_name>
    <mailname>BALANCE WITH EXCISE TNTA PLA</mailname>
    <group>CURRENT ASSETS/LOANS &amp; ADVANCES    </group>
  </ACXML>
  <ACXML>
    <ac_id>1171</ac_id>
    <ac_name>BALANCE WITH CESS SURCHARGE PLA    </ac_name>
    <mailname>BALANCE WITH CESS SURCHARGE PLA    </mailname>
    <group>CURRENT ASSETS/LOANS &amp; ADVANCES    </group>
  </ACXML>
  <ACXML>
    <ac_id>1172</ac_id>
    <ac_name>BALANCE WITH CESS SURCHARGE RG23A  </ac_name>
    <mailname>BALANCE WITH CESS SURCHARGE RG23A  </mailname>
    <group>CURRENT ASSETS/LOANS &amp; ADVANCES    </group>
  </ACXML>
  <ACXML>
    <ac_id>1173</ac_id>
    <ac_name>BALANCE WITH CESS SURCHARGE RG23C  </ac_name>
    <mailname>BALANCE WITH CESS SURCHARGE RG23C  </mailname>
    <group>CURRENT ASSETS/LOANS &amp; ADVANCES    </group>
  </ACXML>
  <ACXML>
    <ac_id>1174</ac_id>
    <ac_name>CESS CAPITAL GOODS PAYABLE A/C     </ac_name>
    <mailname>CESS CAPITAL GOODS PAYABLE A/C     </mailname>
    <group>CURRENT ASSETS/LOANS &amp; ADVANCES    </group>
  </ACXML>
  <ACXML>
    <ac_id>1175</ac_id>
    <ac_name>BALANCE WITH SERVICE TAX A/C       </ac_name>
    <mailname>BALANCE WITH SERVICE TAX A/C       </mailname>
    <group>CURRENT ASSETS/LOANS &amp; ADVANCES    </group>
  </ACXML>
  <ACXML>
    <ac_id>1176</ac_id>
    <ac_name>BALANCE WITH SERVICE TAX CESS A/C  </ac_name>
    <mailname>BALANCE WITH SERVICE TAX CESS A/C  </mailname>
    <group>CURRENT ASSETS/LOANS &amp; ADVANCES    </group>
  </ACXML>
  <ACXML>
    <ac_id>1177</ac_id>
    <ac_name>BAL. WITH SERVICE TAX PAYABLE      </ac_name>
    <mailname>BAL. WITH SERVICE TAX PAYABLE      </mailname>
    <group>CURRENT ASSETS/LOANS &amp; ADVANCES    </group>
  </ACXML>
  <ACXML>
    <ac_id>1178</ac_id>
    <ac_name>BAL. WITH SERVICE TAX CESS PAYABLE </ac_name>
    <mailname>BAL. WITH SERVICE TAX CESS PAYABLE </mailname>
    <group>CURRENT ASSETS/LOANS &amp; ADVANCES    </group>
  </ACXML>
  <ACXML>
    <ac_id>1179</ac_id>
    <ac_name>WEIGHT-DIFFERENCE                  </ac_name>
    <mailname>WEIGHT-DIFFERENCE                  </mailname>
    <group>SUNDRY DEBTORS                     </group>
  </ACXML>
  <ACXML>
    <ac_id>1180</ac_id>
    <ac_name>BALANCE WITH CVD RG23A             </ac_name>
    <mailname>BALANCE WITH CVD RG23A             </mailname>
    <group>CURRENT ASSETS/LOANS &amp; ADVANCES    </group>
  </ACXML>
  <ACXML>
    <ac_id>1181</ac_id>
    <ac_name>BALANCE WITH CVD RG23C             </ac_name>
    <mailname>BALANCE WITH CVD RG23C             </mailname>
    <group>CURRENT ASSETS/LOANS &amp; ADVANCES    </group>
  </ACXML>
  <ACXML>
    <ac_id>1182</ac_id>
    <ac_name>CVD CAPITAL GOODS PAYABLE A/C      </ac_name>
    <mailname>CVD CAPITAL GOODS PAYABLE A/C      </mailname>
    <group>CURRENT ASSETS/LOANS &amp; ADVANCES    </group>
  </ACXML>
  <ACXML>
    <ac_id>1183</ac_id>
    <ac_name />
    <mailname />
    <group xml:space="preserve"> </group>
  </ACXML>
  <ACXML>
    <ac_id>1184</ac_id>
    <ac_name>TAX DEDUCTED AT SOURCE (RECEIVABLE)         </ac_name>
    <mailname>TAX DEDUCTED AT SOURCE (RECEIVABLE) A/C           </mailname>
    <group>LIABILITIES                                       </group>
  </ACXML>
  <ACXML>
    <ac_id>1185</ac_id>
    <ac_name>BALANCE WITH EXCISE SED PLA</ac_name>
    <mailname>BALANCE WITH EXCISE SED PLA</mailname>
    <group>CURRENT ASSETS/LOANS &amp; ADVANCES    </group>
  </ACXML>
  <ACXML>
    <ac_id>1186</ac_id>
    <ac_name>BALANCE WITH HCESS PLA</ac_name>
    <mailname>BALANCE WITH HCESS PLA</mailname>
    <group>CURRENT ASSETS/LOANS &amp; ADVANCES    </group>
  </ACXML>
  <ACXML>
    <ac_id>1187</ac_id>
    <ac_name>BALANCE WITH EXCISE AED RG23C</ac_name>
    <mailname>BALANCE WITH EXCISE AED RG23C</mailname>
    <group>CURRENT ASSETS/LOANS &amp; ADVANCES    </group>
  </ACXML>
  <ACXML>
    <ac_id>1188</ac_id>
    <ac_name>BALANCE WITH EXCISE NCCD RG23C</ac_name>
    <mailname>BALANCE WITH EXCISE NCCD RG23C</mailname>
    <group>CURRENT ASSETS/LOANS &amp; ADVANCES    </group>
  </ACXML>
  <ACXML>
    <ac_id>1189</ac_id>
    <ac_name>BALANCE WITH EXCISE SED RG23C</ac_name>
    <mailname>BALANCE WITH EXCISE SED RG23C</mailname>
    <group>CURRENT ASSETS/LOANS &amp; ADVANCES    </group>
  </ACXML>
  <ACXML>
    <ac_id>1190</ac_id>
    <ac_name>BALANCE WITH EXCISE TNTA RG23C</ac_name>
    <mailname>BALANCE WITH EXCISE TNTA RG23C</mailname>
    <group>CURRENT ASSETS/LOANS &amp; ADVANCES    </group>
  </ACXML>
  <ACXML>
    <ac_id>1191</ac_id>
    <ac_name>BALANCE WITH HCESS RG23A</ac_name>
    <mailname>BALANCE WITH HCESS RG23A</mailname>
    <group>CURRENT ASSETS/LOANS &amp; ADVANCES    </group>
  </ACXML>
  <ACXML>
    <ac_id>1192</ac_id>
    <ac_name>BALANCE WITH HCESS RG23C</ac_name>
    <mailname>BALANCE WITH HCESS RG23C</mailname>
    <group>CURRENT ASSETS/LOANS &amp; ADVANCES    </group>
  </ACXML>
  <ACXML>
    <ac_id>1193</ac_id>
    <ac_name>BALANCE WITH SERVICE TAX HCESS A/C                </ac_name>
    <mailname>BALANCE WITH SERVICE TAX CESS A/C                 </mailname>
    <group>CURRENT ASSETS/LOANS &amp; ADVANCES                   </group>
  </ACXML>
  <ACXML>
    <ac_id>1194</ac_id>
    <ac_name>H CESS CAPITAL GOODS PAYABLE A/C                  </ac_name>
    <mailname>H CESS CAPITAL GOODS PAYABLE A/C                  </mailname>
    <group>CURRENT ASSETS/LOANS &amp; ADVANCES                   </group>
  </ACXML>
  <ACXML>
    <ac_id>1196</ac_id>
    <ac_name>Output Vat 4% A/c</ac_name>
    <mailname>OutPut Vat 4% A/c                                 </mailname>
    <group>LIABILITIES                                       </group>
  </ACXML>
  <ACXML>
    <ac_id>1197</ac_id>
    <ac_name>Input Vat 8% A/c</ac_name>
    <mailname>InPut Vat 8% A/c                                  </mailname>
    <group>CURRENT ASSETS/LOANS &amp; ADVANCES                   </group>
  </ACXML>
  <ACXML>
    <ac_id>1198</ac_id>
    <ac_name>Input Vat 4% A/C                                  </ac_name>
    <mailname>Input Vat 4% A/C                                  </mailname>
    <group>CURRENT ASSETS/LOANS &amp; ADVANCES                   </group>
  </ACXML>
  <ACXML>
    <ac_id>1199</ac_id>
    <ac_name>Output Vat 8% A/c                                 </ac_name>
    <mailname>Output Vat 8% A/c                                 </mailname>
    <group>LIABILITIES                                       </group>
  </ACXML>
  <ACXML>
    <ac_id>1200</ac_id>
    <ac_name>EDU.CESS (194-B) ON PAYABLE A/C                   </ac_name>
    <mailname>EDU.CESS (194-B) ON PAYABLE A/C                   </mailname>
    <group>CURRENT LIABILITIES &amp; PROVISIONS                  </group>
  </ACXML>
  <ACXML>
    <ac_id>1201</ac_id>
    <ac_name>SURCHARGE (194-B) ON PAYABLE A/C                  </ac_name>
    <mailname>SURCHARGE (194-B) ON PAYABLE A/C                  </mailname>
    <group>CURRENT LIABILITIES &amp; PROVISIONS                  </group>
  </ACXML>
  <ACXML>
    <ac_id>1202</ac_id>
    <ac_name>TDS (194-B) ON PAYABLE A/C                        </ac_name>
    <mailname>TDS (194-B) ON PAYABLE A/C                        </mailname>
    <group>CURRENT LIABILITIES &amp; PROVISIONS                  </group>
  </ACXML>
  <ACXML>
    <ac_id>1203</ac_id>
    <ac_name>TDS (194-I) ON PAYABLE A/C                        </ac_name>
    <mailname>TDS (194-I) ON PAYABLE A/C                        </mailname>
    <group>CURRENT LIABILITIES &amp; PROVISIONS                  </group>
  </ACXML>
  <ACXML>
    <ac_id>1204</ac_id>
    <ac_name>SURCHARGE (194-I) ON PAYABLE A/C                  </ac_name>
    <mailname>SURCHARGE (194-I) ON PAYABLE A/C                  </mailname>
    <group>CURRENT LIABILITIES &amp; PROVISIONS                  </group>
  </ACXML>
  <ACXML>
    <ac_id>1205</ac_id>
    <ac_name>EDU.CESS (194-I) ON PAYABLE A/C                   </ac_name>
    <mailname>EDU.CESS (194-I) ON PAYABLE A/C                   </mailname>
    <group>CURRENT LIABILITIES &amp; PROVISIONS                  </group>
  </ACXML>
  <ACXML>
    <ac_id>1206</ac_id>
    <ac_name>EDU.CESS (194-J) ON PAYABLE A/C                   </ac_name>
    <mailname>EDU.CESS (194-J) ON PAYABLE A/C                   </mailname>
    <group>CURRENT LIABILITIES &amp; PROVISIONS                  </group>
  </ACXML>
  <ACXML>
    <ac_id>1207</ac_id>
    <ac_name>SURCHARGE (194-J) ON PAYABLE A/C                  </ac_name>
    <mailname>SURCHARGE (194-J) ON PAYABLE A/C                  </mailname>
    <group>CURRENT LIABILITIES &amp; PROVISIONS                  </group>
  </ACXML>
  <ACXML>
    <ac_id>1208</ac_id>
    <ac_name>TDS (194-J) ON PAYABLE A/C                        </ac_name>
    <mailname>TDS (194-J) ON PAYABLE A/C                        </mailname>
    <group>CURRENT LIABILITIES &amp; PROVISIONS                  </group>
  </ACXML>
  <ACXML>
    <ac_id>1209</ac_id>
    <ac_name>TDS (193) ON PAYABLE A/C                          </ac_name>
    <mailname>TDS (193) ON PAYABLE A/C                          </mailname>
    <group>CURRENT LIABILITIES &amp; PROVISIONS                  </group>
  </ACXML>
  <ACXML>
    <ac_id>1210</ac_id>
    <ac_name>SURCHARGE (193) ON PAYABLE A/C                    </ac_name>
    <mailname>SURCHARGE (193) ON PAYABLE A/C                    </mailname>
    <group>CURRENT LIABILITIES &amp; PROVISIONS                  </group>
  </ACXML>
  <ACXML>
    <ac_id>1211</ac_id>
    <ac_name>EDU.CESS (193) ON PAYABLE A/C                     </ac_name>
    <mailname>EDU.CESS (193) ON PAYABLE A/C                     </mailname>
    <group>CURRENT LIABILITIES &amp; PROVISIONS                  </group>
  </ACXML>
  <ACXML>
    <ac_id>1212</ac_id>
    <ac_name>EDU.CESS (194-A) ON PAYABLE A/C                   </ac_name>
    <mailname>EDU.CESS (194-A) ON PAYABLE A/C                   </mailname>
    <group>CURRENT LIABILITIES &amp; PROVISIONS                  </group>
  </ACXML>
  <ACXML>
    <ac_id>1213</ac_id>
    <ac_name>SURCHARGE (194-A) ON PAYABLE A/C                  </ac_name>
    <mailname>SURCHARGE (194-A) ON PAYABLE A/C                  </mailname>
    <group>CURRENT LIABILITIES &amp; PROVISIONS                  </group>
  </ACXML>
  <ACXML>
    <ac_id>1214</ac_id>
    <ac_name>TDS (194-A) ON PAYABLE A/C                        </ac_name>
    <mailname>TDS (194-A) ON PAYABLE A/C                        </mailname>
    <group>CURRENT LIABILITIES &amp; PROVISIONS                  </group>
  </ACXML>
  <ACXML>
    <ac_id>1216</ac_id>
    <ac_name>SURCHARGE (194-D) ON PAYABLE A/C                  </ac_name>
    <mailname>SURCHARGE (194-D) ON PAYABLE A/C                  </mailname>
    <group>CURRENT LIABILITIES &amp; PROVISIONS                  </group>
  </ACXML>
  <ACXML>
    <ac_id>1217</ac_id>
    <ac_name>EDU.CESS (194-D) ON PAYABLE A/C                   </ac_name>
    <mailname>EDU.CESS (194-D) ON PAYABLE A/C                   </mailname>
    <group>CURRENT LIABILITIES &amp; PROVISIONS                  </group>
  </ACXML>
  <ACXML>
    <ac_id>1218</ac_id>
    <ac_name>EDU.CESS (194) ON PAYABLE A/C                     </ac_name>
    <mailname>EDU.CESS (194) ON PAYABLE A/C                     </mailname>
    <group>CURRENT LIABILITIES &amp; PROVISIONS                  </group>
  </ACXML>
  <ACXML>
    <ac_id>1219</ac_id>
    <ac_name>SURCHARGE (194) ON PAYABLE A/C                    </ac_name>
    <mailname>SURCHARGE (194) ON PAYABLE A/C                    </mailname>
    <group>CURRENT LIABILITIES &amp; PROVISIONS                  </group>
  </ACXML>
  <ACXML>
    <ac_id>1222</ac_id>
    <ac_name>SURCHARGE (194-C) ON PAYABLE A/C                  </ac_name>
    <mailname>SURCHARGE (194-C) ON PAYABLE A/C                  </mailname>
    <group>CURRENT LIABILITIES &amp; PROVISIONS                  </group>
  </ACXML>
  <ACXML>
    <ac_id>1223</ac_id>
    <ac_name>EDU.CESS (194-C) ON PAYABLE A/C                   </ac_name>
    <mailname>EDU.CESS (194-C) ON PAYABLE A/C                   </mailname>
    <group>CURRENT LIABILITIES &amp; PROVISIONS                  </group>
  </ACXML>
  <ACXML>
    <ac_id>1224</ac_id>
    <ac_name>EDU.CESS (194-H) ON PAYABLE A/C                   </ac_name>
    <mailname>EDU.CESS (194-H) ON PAYABLE A/C                   </mailname>
    <group>CURRENT LIABILITIES &amp; PROVISIONS                  </group>
  </ACXML>
  <ACXML>
    <ac_id>1225</ac_id>
    <ac_name>SURCHARGE (194-H) ON PAYABLE A/C                  </ac_name>
    <mailname>SURCHARGE (194-H) ON PAYABLE A/C                  </mailname>
    <group>CURRENT LIABILITIES &amp; PROVISIONS                  </group>
  </ACXML>
  <ACXML>
    <ac_id>1227</ac_id>
    <ac_name>BALANCE WITH BCD RG23A                            </ac_name>
    <mailname>BALANCE WITH BCD RG23A                            </mailname>
    <group>CURRENT ASSETS/LOANS &amp; ADVANCES                   </group>
  </ACXML>
  <ACXML>
    <ac_id>1228</ac_id>
    <ac_name>BALANCE WITH BCD RG23C                            </ac_name>
    <mailname>BALANCE WITH BCD RG23C                            </mailname>
    <group>CURRENT ASSETS/LOANS &amp; ADVANCES                   </group>
  </ACXML>
  <ACXML>
    <ac_id>1229</ac_id>
    <ac_name>BCD CAPITAL GOODS PAYABLE A/C</ac_name>
    <mailname>BCD CAPITAL GOODS PAYABLE A/C</mailname>
    <group>CURRENT ASSETS/LOANS &amp; ADVANCES</group>
  </ACXML>
  <ACXML>
    <ac_id>1235</ac_id>
    <ac_name>S &amp; H Cess on Service Tax Available               </ac_name>
    <mailname>S &amp; H Cess on Service Tax Available               </mailname>
    <group>CURRENT ASSETS/LOANS &amp; ADVANCES                   </group>
  </ACXML>
  <ACXML>
    <ac_id>1242</ac_id>
    <ac_name>WORK ORDER                                        </ac_name>
    <mailname>WORK ORDER                                        </mailname>
    <group>SUNDRY DEBTORS                                    </group>
  </ACXML>
</NewDataSet>