<?xml version="1.0" standalone="yes"?>
<NewDataSet>
  <ACXML>
    <ac_id>798</ac_id>
    <ac_name>PURCHASES</ac_name>
    <mailname>PURCHASES                                         </mailname>
    <group>TRADING EXPENSES                                  </group>
  </ACXML>
  <ACXML>
    <ac_id>799</ac_id>
    <ac_name>SALES</ac_name>
    <mailname>SALES                                             </mailname>
    <group>TRADING INCOME                                    </group>
  </ACXML>
  <ACXML>
    <ac_id>813</ac_id>
    <ac_name>SALES TAX A/C</ac_name>
    <mailname>SALES TAX A/C                                     </mailname>
    <group>EXPENSE                                           </group>
  </ACXML>
  <ACXML>
    <ac_id>847</ac_id>
    <ac_name>ICICI BANK A/C</ac_name>
    <mailname>ICICI BANK A/C                                    </mailname>
    <group>CASH &amp; BANK BALANCES                              </group>
  </ACXML>
  <ACXML>
    <ac_id>848</ac_id>
    <ac_name>AMAR REMEDIES LTD.</ac_name>
    <mailname>AMAR REMEDIES LTD.                                </mailname>
    <group>SUNDRY CREDITORS                                  </group>
  </ACXML>
  <ACXML>
    <ac_id>849</ac_id>
    <ac_name>MAHAVEER AGENCY</ac_name>
    <mailname>MAHAVEER AGENCY                                   </mailname>
    <group>SUNDRY DEBTORS                                    </group>
  </ACXML>
  <ACXML>
    <ac_id>850</ac_id>
    <ac_name>GLOBAL ASSOCIATES</ac_name>
    <mailname>GLOBAL ASSOCIATES                                 </mailname>
    <group>SUNDRY DEBTORS                                    </group>
  </ACXML>
  <ACXML>
    <ac_id>851</ac_id>
    <ac_name>TUSHAR ENTERPRISES</ac_name>
    <mailname>TUSHAR ENTERPRISES                                </mailname>
    <group>SUNDRY DEBTORS                                    </group>
  </ACXML>
  <ACXML>
    <ac_id>852</ac_id>
    <ac_name>SHIV SHANKAR TRADERS</ac_name>
    <mailname>SHIV SHANKAR TRADERS                              </mailname>
    <group>SUNDRY DEBTORS                                    </group>
  </ACXML>
  <ACXML>
    <ac_id>853</ac_id>
    <ac_name>GAYATRI TRADERS</ac_name>
    <mailname>GAYATRI TRADERS                                   </mailname>
    <group>SUNDRY DEBTORS                                    </group>
  </ACXML>
  <ACXML>
    <ac_id>854</ac_id>
    <ac_name>AJANTA AGENCY</ac_name>
    <mailname>AJANTA AGENCY                                     </mailname>
    <group>SUNDRY DEBTORS                                    </group>
  </ACXML>
  <ACXML>
    <ac_id>855</ac_id>
    <ac_name>MAHAVIR TRADERS</ac_name>
    <mailname>MAHAVIR TRADERS                                   </mailname>
    <group>SUNDRY DEBTORS                                    </group>
  </ACXML>
  <ACXML>
    <ac_id>856</ac_id>
    <ac_name>ANNAPURNA AGENCY</ac_name>
    <mailname>ANNAPURNA AGENCY                                  </mailname>
    <group>SUNDRY DEBTORS                                    </group>
  </ACXML>
  <ACXML>
    <ac_id>857</ac_id>
    <ac_name>PERFECT DISTRIBUTION</ac_name>
    <mailname>PERFECT DISTRIBUTION                              </mailname>
    <group>SUNDRY DEBTORS                                    </group>
  </ACXML>
  <ACXML>
    <ac_id>858</ac_id>
    <ac_name>ANAND AND SONS</ac_name>
    <mailname>ANAND AND SONS                                    </mailname>
    <group>SUNDRY DEBTORS                                    </group>
  </ACXML>
  <ACXML>
    <ac_id>859</ac_id>
    <ac_name>RAJESWARI ENTERPRISES</ac_name>
    <mailname>RAJESWARI ENTERPRISES                             </mailname>
    <group>SUNDRY DEBTORS                                    </group>
  </ACXML>
  <ACXML>
    <ac_id>860</ac_id>
    <ac_name>KIRAN JEWELLERS</ac_name>
    <mailname>KIRAN JEWELLERS                                   </mailname>
    <group>SUNDRY DEBTORS                                    </group>
  </ACXML>
  <ACXML>
    <ac_id>861</ac_id>
    <ac_name>SARGAM ELECTRONICS AND GENERAL MERCHANTS</ac_name>
    <mailname>SARGAM ELECTRONICS AND GENERAL MERCHANTS          </mailname>
    <group>SUNDRY DEBTORS                                    </group>
  </ACXML>
  <ACXML>
    <ac_id>862</ac_id>
    <ac_name>SHAKTI ENTERPRISES</ac_name>
    <mailname>SHAKTI ENTERPRISES                                </mailname>
    <group>SUNDRY DEBTORS                                    </group>
  </ACXML>
  <ACXML>
    <ac_id>863</ac_id>
    <ac_name>ABHILASH TRADERS</ac_name>
    <mailname>ABHILASH TRADERS</mailname>
    <group>SUNDRY DEBTORS</group>
  </ACXML>
  <ACXML>
    <ac_id>864</ac_id>
    <ac_name>SAMBIT ASSOCIATES</ac_name>
    <mailname>SAMBIT ASSOCIATES                                 </mailname>
    <group>SUNDRY DEBTORS                                    </group>
  </ACXML>
  <ACXML>
    <ac_id>865</ac_id>
    <ac_name>RAJA STORE</ac_name>
    <mailname>RAJA STORE                                        </mailname>
    <group>SUNDRY DEBTORS                                    </group>
  </ACXML>
  <ACXML>
    <ac_id>866</ac_id>
    <ac_name>B.M.FRUITS</ac_name>
    <mailname>B.M.FRUITS                                        </mailname>
    <group>SUNDRY DEBTORS                                    </group>
  </ACXML>
  <ACXML>
    <ac_id>867</ac_id>
    <ac_name>MISHRA AGENCY</ac_name>
    <mailname>MISHRA AGENCY                                     </mailname>
    <group>SUNDRY DEBTORS                                    </group>
  </ACXML>
  <ACXML>
    <ac_id>868</ac_id>
    <ac_name>FRIENDZ ENTERPRISES</ac_name>
    <mailname>FRIENDZ ENTERPRISES                               </mailname>
    <group>SUNDRY DEBTORS                                    </group>
  </ACXML>
  <ACXML>
    <ac_id>869</ac_id>
    <ac_name>DWARIKA ENTERPRISES</ac_name>
    <mailname>DWARIKA ENTERPRISES                               </mailname>
    <group>SUNDRY DEBTORS                                    </group>
  </ACXML>
  <ACXML>
    <ac_id>870</ac_id>
    <ac_name>SAMAY TRADERS</ac_name>
    <mailname>SAMAY TRADERS                                     </mailname>
    <group>SUNDRY DEBTORS                                    </group>
  </ACXML>
  <ACXML>
    <ac_id>871</ac_id>
    <ac_name>ROUT AGENCY</ac_name>
    <mailname>ROUT AGENCY                                       </mailname>
    <group>SUNDRY DEBTORS                                    </group>
  </ACXML>
  <ACXML>
    <ac_id>872</ac_id>
    <ac_name>SATYA TRADERS</ac_name>
    <mailname>SATYA TRADERS                                     </mailname>
    <group>SUNDRY DEBTORS                                    </group>
  </ACXML>
  <ACXML>
    <ac_id>873</ac_id>
    <ac_name>BISOI AND BROTHERS</ac_name>
    <mailname>BISOI AND BROTHERS                                </mailname>
    <group>SUNDRY DEBTORS                                    </group>
  </ACXML>
  <ACXML>
    <ac_id>874</ac_id>
    <ac_name>SUNRAY ENTERPRISERS</ac_name>
    <mailname>SUNRAY ENTERPRISERS                               </mailname>
    <group>SUNDRY DEBTORS                                    </group>
  </ACXML>
  <ACXML>
    <ac_id>875</ac_id>
    <ac_name>GAYATRI ENTERPRISES</ac_name>
    <mailname>GAYATRI ENTERPRISES                               </mailname>
    <group>SUNDRY DEBTORS                                    </group>
  </ACXML>
  <ACXML>
    <ac_id>876</ac_id>
    <ac_name>SRI GANESH AGENCIES</ac_name>
    <mailname>SRI GANESH AGENCIES                               </mailname>
    <group>SUNDRY DEBTORS                                    </group>
  </ACXML>
  <ACXML>
    <ac_id>877</ac_id>
    <ac_name>KAMAKSHYA AGENCIES</ac_name>
    <mailname>KAMAKSHYA AGENCIES                                </mailname>
    <group>SUNDRY DEBTORS                                    </group>
  </ACXML>
  <ACXML>
    <ac_id>878</ac_id>
    <ac_name>SUPRINA ENTERPRISER</ac_name>
    <mailname>SUPRINA ENTERPRISER                               </mailname>
    <group>SUNDRY DEBTORS                                    </group>
  </ACXML>
  <ACXML>
    <ac_id>879</ac_id>
    <ac_name>HINDUSTAN DISTRIBUTORS</ac_name>
    <mailname>HINDUSTAN DISTRIBUTORS                            </mailname>
    <group>SUNDRY CREDITORS                                  </group>
  </ACXML>
  <ACXML>
    <ac_id>880</ac_id>
    <ac_name>BANSAL TRADING CO.</ac_name>
    <mailname>BANSAL TRADING CO.                                </mailname>
    <group>SUNDRY DEBTORS                                    </group>
  </ACXML>
  <ACXML>
    <ac_id>881</ac_id>
    <ac_name>MANRAAJ MARKETING</ac_name>
    <mailname>MANRAAJ MARKETING                                 </mailname>
    <group>SUNDRY DEBTORS                                    </group>
  </ACXML>
  <ACXML>
    <ac_id>882</ac_id>
    <ac_name>SABITA MEDICAL STORE</ac_name>
    <mailname>SABITA MEDICAL STORE                              </mailname>
    <group>SUNDRY DEBTORS                                    </group>
  </ACXML>
  <ACXML>
    <ac_id>883</ac_id>
    <ac_name>THE BHARAT GENERAL STORES</ac_name>
    <mailname>THE BHARAT GENERAL STORES                         </mailname>
    <group>SUNDRY DEBTORS                                    </group>
  </ACXML>
  <ACXML>
    <ac_id>884</ac_id>
    <ac_name>PRAFULLA STORE</ac_name>
    <mailname>PRAFULLA STORE                                    </mailname>
    <group>SUNDRY DEBTORS                                    </group>
  </ACXML>
  <ACXML>
    <ac_id>885</ac_id>
    <ac_name>MAATARINI ENTERPRISES</ac_name>
    <mailname>MAATARINI ENTERPRISES                             </mailname>
    <group>SUNDRY DEBTORS                                    </group>
  </ACXML>
  <ACXML>
    <ac_id>887</ac_id>
    <ac_name>PATTNAIK AGENCY</ac_name>
    <mailname>PATTNAIK AGENCY                                   </mailname>
    <group>SUNDRY DEBTORS                                    </group>
  </ACXML>
  <ACXML>
    <ac_id>888</ac_id>
    <ac_name>R.K.DISTRIBUTER</ac_name>
    <mailname>R.K.DISTRIBUTER                                   </mailname>
    <group>SUNDRY DEBTORS                                    </group>
  </ACXML>
  <ACXML>
    <ac_id>889</ac_id>
    <ac_name>HINDUSTAN TRADE SYNDICATE</ac_name>
    <mailname>HINDUSTAN TRADE SYNDICATE                         </mailname>
    <group>SUNDRY DEBTORS                                    </group>
  </ACXML>
  <ACXML>
    <ac_id>890</ac_id>
    <ac_name>SALES RETURN</ac_name>
    <mailname>SALES RETURN                                      </mailname>
    <group>EXPENSE                                           </group>
  </ACXML>
  <ACXML>
    <ac_id>891</ac_id>
    <ac_name>HINDUSTAN TRADE SYNDICATE.</ac_name>
    <mailname>HINDUSTAN TRADE SYNDICATE.                        </mailname>
    <group>SUNDRY CREDITORS                                  </group>
  </ACXML>
  <ACXML>
    <ac_id>892</ac_id>
    <ac_name>MAHAVEER TRADERS</ac_name>
    <mailname>MAHAVEER TRADERS                                  </mailname>
    <group>SUNDRY CREDITORS                                  </group>
  </ACXML>
  <ACXML>
    <ac_id>893</ac_id>
    <ac_name>PADMABATI TRADERS</ac_name>
    <mailname>PADMABATI TRADERS                                 </mailname>
    <group>SUNDRY DEBTORS                                    </group>
  </ACXML>
  <ACXML>
    <ac_id>894</ac_id>
    <ac_name>ICICI C.C.A/c.000451000442</ac_name>
    <mailname>ICICI C.C.A/c.000451000442                        </mailname>
    <group>CASH &amp; BANK BALANCES                              </group>
  </ACXML>
  <ACXML>
    <ac_id>895</ac_id>
    <ac_name>Bank charges</ac_name>
    <mailname>Bank charges                                      </mailname>
    <group>EXPENSE                                           </group>
  </ACXML>
  <ACXML>
    <ac_id>896</ac_id>
    <ac_name>AMAR REMEDIES LTD</ac_name>
    <mailname>AMAR REMEDIES LTD                                 </mailname>
    <group>SUNDRY DEBTORS                                    </group>
  </ACXML>
  <ACXML>
    <ac_id>897</ac_id>
    <ac_name>Discounts</ac_name>
    <mailname>Discounts                                         </mailname>
    <group>EXPENSE                                           </group>
  </ACXML>
  <ACXML>
    <ac_id>898</ac_id>
    <ac_name>ARPITA SALES</ac_name>
    <mailname>ARPITA SALES                                      </mailname>
    <group>SUNDRY DEBTORS                                    </group>
  </ACXML>
  <ACXML>
    <ac_id>900</ac_id>
    <ac_name>SEN ENTERPRISES</ac_name>
    <mailname>SEN ENTERPRISES                                   </mailname>
    <group>SUNDRY DEBTORS                                    </group>
  </ACXML>
  <ACXML>
    <ac_id>901</ac_id>
    <ac_name>KANUPRIYA NOVELTIES</ac_name>
    <mailname>KANUPRIYA NOVELTIES                               </mailname>
    <group>SUNDRY DEBTORS                                    </group>
  </ACXML>
  <ACXML>
    <ac_id>902</ac_id>
    <ac_name>BIJAY TRADERS</ac_name>
    <mailname>BIJAY TRADERS                                     </mailname>
    <group>SUNDRY DEBTORS                                    </group>
  </ACXML>
  <ACXML>
    <ac_id>903</ac_id>
    <ac_name>BISAN ENTERPRISES</ac_name>
    <mailname>BISAN ENTERPRISES                                 </mailname>
    <group>SUNDRY DEBTORS                                    </group>
  </ACXML>
  <ACXML>
    <ac_id>904</ac_id>
    <ac_name>KAMADHENU AYURVED BHAWAN</ac_name>
    <mailname>KAMADHENU AYURVED BHAWAN                          </mailname>
    <group>SUNDRY DEBTORS                                    </group>
  </ACXML>
  <ACXML>
    <ac_id>905</ac_id>
    <ac_name>B.K. SALES</ac_name>
    <mailname>B.K. SALES                                        </mailname>
    <group>SUNDRY DEBTORS                                    </group>
  </ACXML>
  <ACXML>
    <ac_id>906</ac_id>
    <ac_name>BERHAMPUR TRADING HOUSE</ac_name>
    <mailname>BERHAMPUR TRADING HOUSE                           </mailname>
    <group>SUNDRY DEBTORS                                    </group>
  </ACXML>
  <ACXML>
    <ac_id>907</ac_id>
    <ac_name>LAXMI AGENCY</ac_name>
    <mailname>LAXMI AGENCY                                      </mailname>
    <group>SUNDRY DEBTORS                                    </group>
  </ACXML>
  <ACXML>
    <ac_id>908</ac_id>
    <ac_name>BISWAL AGENCY</ac_name>
    <mailname>BISWAL AGENCY                                     </mailname>
    <group>SUNDRY DEBTORS                                    </group>
  </ACXML>
  <ACXML>
    <ac_id>909</ac_id>
    <ac_name>SUSPENSE</ac_name>
    <mailname>SUSPENSE                                          </mailname>
    <group>SUNDRY DEBTORS                                    </group>
  </ACXML>
  <ACXML>
    <ac_id>910</ac_id>
    <ac_name>GLOBAL DISTRIBUTORS</ac_name>
    <mailname>GLOBAL DISTRIBUTORS                               </mailname>
    <group>SUNDRY DEBTORS                                    </group>
  </ACXML>
  <ACXML>
    <ac_id>912</ac_id>
    <ac_name>HARISH AGENCIES</ac_name>
    <mailname>HARISH AGENCIES                                   </mailname>
    <group>SUNDRY DEBTORS                                    </group>
  </ACXML>
  <ACXML>
    <ac_id>913</ac_id>
    <ac_name>KIN ASSOCIATES</ac_name>
    <mailname>KIN ASSOCIATES                                    </mailname>
    <group>SUNDRY DEBTORS                                    </group>
  </ACXML>
  <ACXML>
    <ac_id>914</ac_id>
    <ac_name>MAA MANGALA ENTERPRISES</ac_name>
    <mailname>MAA MANGALA ENTERPRISES                           </mailname>
    <group>SUNDRY DEBTORS                                    </group>
  </ACXML>
  <ACXML>
    <ac_id>915</ac_id>
    <ac_name>SRI GANESH AGENCY</ac_name>
    <mailname>SRI GANESH AGENCY                                 </mailname>
    <group>SUNDRY DEBTORS                                    </group>
  </ACXML>
  <ACXML>
    <ac_id>916</ac_id>
    <ac_name>DAYAL ENTERPRISE</ac_name>
    <mailname>DAYAL ENTERPRISE                                  </mailname>
    <group>SUNDRY DEBTORS                                    </group>
  </ACXML>
  <ACXML>
    <ac_id>917</ac_id>
    <ac_name>PENTALOON RETAIL (INDIA) LTD</ac_name>
    <mailname>PENTALOON RETAIL (INDIA) LTD                      </mailname>
    <group>SUNDRY DEBTORS                                    </group>
  </ACXML>
  <ACXML>
    <ac_id>918</ac_id>
    <ac_name>PANTALOON RETAIL(INDIA)LTD 2</ac_name>
    <mailname>PANTALOON RETAIL(INDIA)LTD 2                      </mailname>
    <group>SUNDRY DEBTORS                                    </group>
  </ACXML>
  <ACXML>
    <ac_id>919</ac_id>
    <ac_name>PANTALOON RETAIL (INDIA) LTD 3</ac_name>
    <mailname>PANTALOON RETAIL (INDIA) LTD 3                    </mailname>
    <group>SUNDRY DEBTORS                                    </group>
  </ACXML>
  <ACXML>
    <ac_id>920</ac_id>
    <ac_name>PANTALOON RETAIL(INDIA)LTD4</ac_name>
    <mailname>PANTALOON RETAIL(INDIA)LTD4                       </mailname>
    <group>SUNDRY DEBTORS                                    </group>
  </ACXML>
  <ACXML>
    <ac_id>921</ac_id>
    <ac_name>DHIRAJ SALES</ac_name>
    <mailname>DHIRAJ SALES                                      </mailname>
    <group>SUNDRY DEBTORS                                    </group>
  </ACXML>
  <ACXML>
    <ac_id>922</ac_id>
    <ac_name>SALES PROMOTION</ac_name>
    <mailname>SALES PROMOTION                                   </mailname>
    <group>EXPENSE                                           </group>
  </ACXML>
  <ACXML>
    <ac_id>923</ac_id>
    <ac_name>SADHANA ENTERPRISES</ac_name>
    <mailname>SADHANA ENTERPRISES                               </mailname>
    <group>SUNDRY DEBTORS                                    </group>
  </ACXML>
  <ACXML>
    <ac_id>924</ac_id>
    <ac_name>M/S JYOTI TRADERS</ac_name>
    <mailname>M/S JYOTI TRADERS                                 </mailname>
    <group>SUNDRY DEBTORS                                    </group>
  </ACXML>
  <ACXML>
    <ac_id>925</ac_id>
    <ac_name>CASH SALES (BALI YATRA)</ac_name>
    <mailname>CASH SALES (BALI YATRA)                           </mailname>
    <group>SUNDRY DEBTORS                                    </group>
  </ACXML>
  <ACXML>
    <ac_id>926</ac_id>
    <ac_name>SRI GANESH AGENCY(BARIPADA)</ac_name>
    <mailname>SRI GANESH AGENCY(BARIPADA)                       </mailname>
    <group>SUNDRY DEBTORS                                    </group>
  </ACXML>
  <ACXML>
    <ac_id>927</ac_id>
    <ac_name>MADHURI AGENCY</ac_name>
    <mailname>MADHURI AGENCY                                    </mailname>
    <group>SUNDRY DEBTORS                                    </group>
  </ACXML>
  <ACXML>
    <ac_id>928</ac_id>
    <ac_name>RAGHUNATH BENGAL STORE</ac_name>
    <mailname>RAGHUNATH BENGAL STORE                            </mailname>
    <group>SUNDRY DEBTORS                                    </group>
  </ACXML>
  <ACXML>
    <ac_id>929</ac_id>
    <ac_name>MOHAPATRA BROTHER</ac_name>
    <mailname>MOHAPATRA BROTHER                                 </mailname>
    <group>SUNDRY DEBTORS                                    </group>
  </ACXML>
  <ACXML>
    <ac_id>930</ac_id>
    <ac_name>J.K.COSMETICS</ac_name>
    <mailname>J.K.COSMETICS                                     </mailname>
    <group>SUNDRY DEBTORS                                    </group>
  </ACXML>
  <ACXML>
    <ac_id>931</ac_id>
    <ac_name>KAMADHENU AYURVED BHAWAN-B</ac_name>
    <mailname>KAMADHENU AYURVED BHAWAN-B                        </mailname>
    <group>SUNDRY DEBTORS                                    </group>
  </ACXML>
  <ACXML>
    <ac_id>932</ac_id>
    <ac_name>Cheque Return Charges</ac_name>
    <mailname>Cheque Return Charges                             </mailname>
    <group>EXPENSE                                           </group>
  </ACXML>
  <ACXML>
    <ac_id>933</ac_id>
    <ac_name>SAMPLES</ac_name>
    <mailname>SAMPLES                                           </mailname>
    <group>SUNDRY DEBTORS                                    </group>
  </ACXML>
  <ACXML>
    <ac_id>934</ac_id>
    <ac_name>AMAR REMEDIES LTD.(AP)</ac_name>
    <mailname>AMAR REMEDIES LTD.(AP)                            </mailname>
    <group>SUNDRY CREDITORS                                  </group>
  </ACXML>
  <ACXML>
    <ac_id>935</ac_id>
    <ac_name>AMAR REMEDIES LTD.(36GARSH)</ac_name>
    <mailname>AMAR REMEDIES LTD.(36GARSH)                       </mailname>
    <group>SUNDRY CREDITORS                                  </group>
  </ACXML>
  <ACXML>
    <ac_id>936</ac_id>
    <ac_name>JAKSONS AGENCIES</ac_name>
    <mailname>JAKSONS AGENCIES                                  </mailname>
    <group>SUNDRY DEBTORS                                    </group>
  </ACXML>
  <ACXML>
    <ac_id>937</ac_id>
    <ac_name>Maa Kalyani Marketing</ac_name>
    <mailname>Maa Kalyani Marketing                             </mailname>
    <group>SUNDRY CREDITORS                                  </group>
  </ACXML>
  <ACXML>
    <ac_id>938</ac_id>
    <ac_name>Freight A/c</ac_name>
    <mailname>Freight A/c                                       </mailname>
    <group>EXPENSE                                           </group>
  </ACXML>
  <ACXML>
    <ac_id>939</ac_id>
    <ac_name>LAXMI GENERAL STORE</ac_name>
    <mailname>LAXMI GENERAL STORE                               </mailname>
    <group>SUNDRY DEBTORS                                    </group>
  </ACXML>
  <ACXML>
    <ac_id>940</ac_id>
    <ac_name>PRIYA AGENCY</ac_name>
    <mailname>PRIYA AGENCY                                      </mailname>
    <group>SUNDRY DEBTORS                                    </group>
  </ACXML>
  <ACXML>
    <ac_id>941</ac_id>
    <ac_name>SRI RAGHUNATH STORE</ac_name>
    <mailname>SRI RAGHUNATH STORE                               </mailname>
    <group>SUNDRY DEBTORS                                    </group>
  </ACXML>
  <ACXML>
    <ac_id>942</ac_id>
    <ac_name>MOHAPATRA AGENCY</ac_name>
    <mailname>MOHAPATRA AGENCY                                  </mailname>
    <group>SUNDRY DEBTORS                                    </group>
  </ACXML>
  <ACXML>
    <ac_id>943</ac_id>
    <ac_name>MARUTI ENTERPRISES</ac_name>
    <mailname> MARUTI ENTERPRISES                               </mailname>
    <group>SUNDRY DEBTORS                                    </group>
  </ACXML>
  <ACXML>
    <ac_id>944</ac_id>
    <ac_name>MOHAPATRA AGENCY -B</ac_name>
    <mailname>MOHAPATRA AGENCY -B                               </mailname>
    <group>SUNDRY DEBTORS                                    </group>
  </ACXML>
  <ACXML>
    <ac_id>945</ac_id>
    <ac_name>SHREE NRUSINGHANATH DISTRIBUTORS</ac_name>
    <mailname>SHREE NRUSINGHANATH DISTRIBUTORS                  </mailname>
    <group>SUNDRY DEBTORS                                    </group>
  </ACXML>
  <ACXML>
    <ac_id>946</ac_id>
    <ac_name>FREINDS TRADERS</ac_name>
    <mailname>FREINDS TRADERS                                   </mailname>
    <group>SUNDRY DEBTORS                                    </group>
  </ACXML>
  <ACXML>
    <ac_id>947</ac_id>
    <ac_name>ALOK ENTERPRISES</ac_name>
    <mailname>ALOK ENTERPRISES                                  </mailname>
    <group>SUNDRY DEBTORS                                    </group>
  </ACXML>
  <ACXML>
    <ac_id>948</ac_id>
    <ac_name>LAXMI ENTERPRISES</ac_name>
    <mailname>LAXMI ENTERPRISES                                 </mailname>
    <group>SUNDRY DEBTORS                                    </group>
  </ACXML>
  <ACXML>
    <ac_id>949</ac_id>
    <ac_name>SRI KHETRA ENTERPRISES</ac_name>
    <mailname>SRI KHETRA ENTERPRISES                            </mailname>
    <group>SUNDRY DEBTORS                                    </group>
  </ACXML>
  <ACXML>
    <ac_id>950</ac_id>
    <ac_name>M/s.Saroj Trading</ac_name>
    <mailname>M/s.Saroj Trading                                 </mailname>
    <group>SUNDRY DEBTORS                                    </group>
  </ACXML>
  <ACXML>
    <ac_id>951</ac_id>
    <ac_name>M.M. DISTRIBUTORS</ac_name>
    <mailname>M.M. DISTRIBUTORS                                 </mailname>
    <group>SUNDRY DEBTORS                                    </group>
  </ACXML>
  <ACXML>
    <ac_id>952</ac_id>
    <ac_name>M/s NARAYANI ENTERPRISES</ac_name>
    <mailname>M/s NARAYANI ENTERPRISES                          </mailname>
    <group>SUNDRY DEBTORS                                    </group>
  </ACXML>
  <ACXML>
    <ac_id>953</ac_id>
    <ac_name>AMAR REMEDIES LTD (DD)</ac_name>
    <mailname>AMAR REMEDIES LTD (DD)                            </mailname>
    <group>SUNDRY CREDITORS                                  </group>
  </ACXML>
  <ACXML>
    <ac_id>954</ac_id>
    <ac_name>ARIONA ENTERPRISES</ac_name>
    <mailname>ARIONA ENTERPRISES                                </mailname>
    <group>SUNDRY DEBTORS                                    </group>
  </ACXML>
  <ACXML>
    <ac_id>955</ac_id>
    <ac_name>GANESH TRADERS</ac_name>
    <mailname>GANESH TRADERS                                    </mailname>
    <group>SUNDRY DEBTORS                                    </group>
  </ACXML>
  <ACXML>
    <ac_id>956</ac_id>
    <ac_name>RATE DIFFERENCE</ac_name>
    <mailname>RATE DIFFERENCE                                   </mailname>
    <group>EXPENSE                                           </group>
  </ACXML>
  <ACXML>
    <ac_id>957</ac_id>
    <ac_name>MAA BANADEVI ENTERPRISES</ac_name>
    <mailname>MAA BANADEVI ENTERPRISES                          </mailname>
    <group>SUNDRY DEBTORS                                    </group>
  </ACXML>
  <ACXML>
    <ac_id>958</ac_id>
    <ac_name>SIDDHI ENTERPRISES</ac_name>
    <mailname>SIDDHI ENTERPRISES                                </mailname>
    <group>SUNDRY DEBTORS                                    </group>
  </ACXML>
  <ACXML>
    <ac_id>959</ac_id>
    <ac_name>AMAR REMEDIES LTD.(WB)</ac_name>
    <mailname>AMAR REMEDIES LTD.(WB)                            </mailname>
    <group>SUNDRY CREDITORS                                  </group>
  </ACXML>
  <ACXML>
    <ac_id>960</ac_id>
    <ac_name>Goel Marketing</ac_name>
    <mailname>Goel Marketing                                    </mailname>
    <group>SUNDRY DEBTORS                                    </group>
  </ACXML>
  <ACXML>
    <ac_id>961</ac_id>
    <ac_name>ARIHANT ENTERPRISES</ac_name>
    <mailname>ARIHANT ENTERPRISES                               </mailname>
    <group>SUNDRY CREDITORS                                  </group>
  </ACXML>
  <ACXML>
    <ac_id>962</ac_id>
    <ac_name>M.M.Marketing</ac_name>
    <mailname>M.M.Marketing                                     </mailname>
    <group>SUNDRY DEBTORS                                    </group>
  </ACXML>
  <ACXML>
    <ac_id>963</ac_id>
    <ac_name>AMAR REMEDIES LTD (Mumbai)</ac_name>
    <mailname>AMAR REMEDIES LTD (Mumbai)                        </mailname>
    <group>SUNDRY CREDITORS                                  </group>
  </ACXML>
  <ACXML>
    <ac_id>964</ac_id>
    <ac_name>AMAR REMEDIES LTD (Kerala)</ac_name>
    <mailname>AMAR REMEDIES LTD (Kerala)                        </mailname>
    <group>SUNDRY DEBTORS                                    </group>
  </ACXML>
  <ACXML>
    <ac_id>965</ac_id>
    <ac_name>SAHOO STORE</ac_name>
    <mailname>SAHOO STORE                                       </mailname>
    <group>SUNDRY DEBTORS                                    </group>
  </ACXML>
  <ACXML>
    <ac_id>966</ac_id>
    <ac_name>HDFC Bank</ac_name>
    <mailname>HDFC Bank                                         </mailname>
    <group>CASH &amp; BANK BALANCES                              </group>
  </ACXML>
  <ACXML>
    <ac_id>967</ac_id>
    <ac_name>KALESWAR AGENCY</ac_name>
    <mailname>KALESWAR AGENCY                                   </mailname>
    <group>SUNDRY DEBTORS                                    </group>
  </ACXML>
  <ACXML>
    <ac_id>968</ac_id>
    <ac_name>ACHUTANANDA AGENCIES</ac_name>
    <mailname>ACHUTANANDA AGENCIES                              </mailname>
    <group>SUNDRY DEBTORS                                    </group>
  </ACXML>
  <ACXML>
    <ac_id>969</ac_id>
    <ac_name>Jayaguru Agencies</ac_name>
    <mailname>Jayaguru Agencies                                 </mailname>
    <group>SUNDRY DEBTORS                                    </group>
  </ACXML>
  <ACXML>
    <ac_id>970</ac_id>
    <ac_name>SHREE KRISHNA AGENCY</ac_name>
    <mailname>SHREE KRISHNA AGENCY                              </mailname>
    <group>SUNDRY DEBTORS                                    </group>
  </ACXML>
  <ACXML>
    <ac_id>971</ac_id>
    <ac_name>Gaurisankar Traders</ac_name>
    <mailname>Gaurisankar Traders                               </mailname>
    <group>SUNDRY DEBTORS                                    </group>
  </ACXML>
  <ACXML>
    <ac_id>972</ac_id>
    <ac_name>MAA SARALA SUPPLIERS</ac_name>
    <mailname>MAA SARALA SUPPLIERS                              </mailname>
    <group>SUNDRY DEBTORS                                    </group>
  </ACXML>
  <ACXML>
    <ac_id>973</ac_id>
    <ac_name>Anita Agencies</ac_name>
    <mailname>Anita Agencies                                    </mailname>
    <group>SUNDRY DEBTORS                                    </group>
  </ACXML>
  <ACXML>
    <ac_id>974</ac_id>
    <ac_name>CASH IN HAND                       </ac_name>
    <mailname>CASH IN HAND                       </mailname>
    <group>CASH &amp; BANK BALANCES               </group>
  </ACXML>
  <ACXML>
    <ac_id>975</ac_id>
    <ac_name>CLOSING STOCK (P &amp; L)              </ac_name>
    <mailname>CLOSING STOCK (P &amp; L)              </mailname>
    <group>TRADING INCOME                     </group>
  </ACXML>
  <ACXML>
    <ac_id>976</ac_id>
    <ac_name>SELLING EXPENSES                   </ac_name>
    <mailname>SELLING EXPENSES                   </mailname>
    <group>EXPENSE                            </group>
  </ACXML>
  <ACXML>
    <ac_id>977</ac_id>
    <ac_name>DEPRECIATION                       </ac_name>
    <mailname>DEPRECIATION                       </mailname>
    <group>EXPENSE                            </group>
  </ACXML>
  <ACXML>
    <ac_id>979</ac_id>
    <ac_name>SALES TAX A/C.                     </ac_name>
    <mailname>SALES TAX A/C.                     </mailname>
    <group>EXPENSE                            </group>
  </ACXML>
  <ACXML>
    <ac_id>980</ac_id>
    <ac_name>OPENING STOCK                      </ac_name>
    <mailname>OPENING STOCK                      </mailname>
    <group>TRADING EXPENSE</group>
  </ACXML>
  <ACXML>
    <ac_id>981</ac_id>
    <ac_name>OPENING BALANCES                   </ac_name>
    <mailname>OPENING BALANCES                   </mailname>
    <group>ASSETS                             </group>
  </ACXML>
  <ACXML>
    <ac_id>982</ac_id>
    <ac_name>PROVISIONAL EXPENSES               </ac_name>
    <mailname>PROVISIONAL EXPENSES               </mailname>
    <group>CURRENT LIABILITIES &amp; PROVISIONS   </group>
  </ACXML>
  <ACXML>
    <ac_id>983</ac_id>
    <ac_name>PROVISIONAL EXPENSES (P &amp; L)       </ac_name>
    <mailname>PROVISIONAL EXPENSES (P &amp; L)       </mailname>
    <group>EXPENSE                            </group>
  </ACXML>
  <ACXML>
    <ac_id>984</ac_id>
    <ac_name>PETTY CASH BOOK                    </ac_name>
    <mailname>PETTY CASH BOOK                    </mailname>
    <group>PETTY CASH                         </group>
  </ACXML>
  <ACXML>
    <ac_id>985</ac_id>
    <ac_name>TAX DEDUCTED AT SOURCE (PAYABLE)   </ac_name>
    <mailname>TAX DEDUCTED AT SOURCE (PAYABLE)   </mailname>
    <group>EXPENSE                            </group>
  </ACXML>
  <ACXML>
    <ac_id>986</ac_id>
    <ac_name>DISCOUNT (BILLS)                   </ac_name>
    <mailname>DISCOUNT (BILLS)                   </mailname>
    <group>EXPENSE                            </group>
  </ACXML>
  <ACXML>
    <ac_id>988</ac_id>
    <ac_name>POSTAGE &amp; TELEGRAPH                </ac_name>
    <mailname>POSTAGE &amp; TELEGRAPH                </mailname>
    <group>EXPENSE                            </group>
  </ACXML>
  <ACXML>
    <ac_id>989</ac_id>
    <ac_name>PRINTING &amp; STATIONERY              </ac_name>
    <mailname>PRINTING &amp; STATIONERY              </mailname>
    <group>EXPENSE                            </group>
  </ACXML>
  <ACXML>
    <ac_id>990</ac_id>
    <ac_name>BALANCE WITH B1-BOND               </ac_name>
    <mailname>BALANCE WITH B1-BOND               </mailname>
    <group>CURRENT ASSETS/LOANS &amp; ADVANCES    </group>
  </ACXML>
  <ACXML>
    <ac_id>991</ac_id>
    <ac_name>BALANCE WITH EXCISE CESS           </ac_name>
    <mailname>BALANCE WITH EXCISE CESS           </mailname>
    <group>CURRENT ASSETS/LOANS &amp; ADVANCES    </group>
  </ACXML>
  <ACXML>
    <ac_id>992</ac_id>
    <ac_name>BALANCE WITH EXCISE PLA            </ac_name>
    <mailname>BALANCE WITH EXCISE PLA            </mailname>
    <group>CURRENT ASSETS/LOANS &amp; ADVANCES    </group>
  </ACXML>
  <ACXML>
    <ac_id>993</ac_id>
    <ac_name>BALANCE WITH EXCISE RG23A</ac_name>
    <mailname>BALANCE WITH EXCISE RG23A</mailname>
    <group>CURRENT ASSETS/LOANS &amp; ADVANCES    </group>
  </ACXML>
  <ACXML>
    <ac_id>994</ac_id>
    <ac_name>BALANCE WITH EXCISE RG23C</ac_name>
    <mailname>BALANCE WITH EXCISE RG23C</mailname>
    <group>CURRENT ASSETS/LOANS &amp; ADVANCES    </group>
  </ACXML>
  <ACXML>
    <ac_id>995</ac_id>
    <ac_name>BALANCE WITH RULE 173H A/C.        </ac_name>
    <mailname>BALANCE WITH RULE 173H A/C.        </mailname>
    <group>CURRENT ASSETS/LOANS &amp; ADVANCES    </group>
  </ACXML>
  <ACXML>
    <ac_id>996</ac_id>
    <ac_name>EXCISE ACCOUNT                     </ac_name>
    <mailname>EXCISE ACCOUNT                     </mailname>
    <group>LIABILITIES                        </group>
  </ACXML>
  <ACXML>
    <ac_id>997</ac_id>
    <ac_name>INVESTMENT ALLOWANCE RESERVE       </ac_name>
    <mailname>INVESTMENT ALLOWANCE RESERVE       </mailname>
    <group>LIABILITIES                        </group>
  </ACXML>
  <ACXML>
    <ac_id>998</ac_id>
    <ac_name>OUTPUT FROM PRODUCTION             </ac_name>
    <mailname>OUTPUT FROM PRODUCTION             </mailname>
    <group>CREDITORS FOR EXPENSES             </group>
  </ACXML>
  <ACXML>
    <ac_id>999</ac_id>
    <ac_name>USE FOR PRODUCTION                 </ac_name>
    <mailname>USE FOR PRODUCTION                 </mailname>
    <group>CREDITORS FOR GOODS                </group>
  </ACXML>
  <ACXML>
    <ac_id>1000</ac_id>
    <ac_name>WORK IN PROGRESS ISSUE             </ac_name>
    <mailname>WORK IN PROGRESS ISSUE             </mailname>
    <group>CREDITORS FOR EXPENSES             </group>
  </ACXML>
  <ACXML>
    <ac_id>1001</ac_id>
    <ac_name>WORK IN PROGRESS RECEIPT                          </ac_name>
    <mailname>WORK IN PROGRESS RECEIPT                          </mailname>
    <group>CREDITORS FOR GOODS                               </group>
  </ACXML>
  <ACXML>
    <ac_id>1002</ac_id>
    <ac_name>EXCISE CAPITAL GOODS PAYABLE A/C   </ac_name>
    <mailname>EXCISE CAPITAL GOODS PAYABLE A/C   </mailname>
    <group>CURRENT ASSETS/LOANS &amp; ADVANCES    </group>
  </ACXML>
  <ACXML>
    <ac_id>1003</ac_id>
    <ac_name>BALANCE WITH EXCISE AED RG23A</ac_name>
    <mailname>BALANCE WITH EXCISE AED RG23A</mailname>
    <group>CURRENT ASSETS/LOANS &amp; ADVANCES    </group>
  </ACXML>
  <ACXML>
    <ac_id>1004</ac_id>
    <ac_name>BALANCE WITH EXCISE AED PLA    </ac_name>
    <mailname>BALANCE WITH EXCISE AED PLA    </mailname>
    <group>CURRENT ASSETS/LOANS &amp; ADVANCES    </group>
  </ACXML>
  <ACXML>
    <ac_id>1005</ac_id>
    <ac_name>BALANCE WITH EXCISE NCCD RG23A</ac_name>
    <mailname>BALANCE WITH EXCISE NCCD RG23A</mailname>
    <group>CURRENT ASSETS/LOANS &amp; ADVANCES    </group>
  </ACXML>
  <ACXML>
    <ac_id>1006</ac_id>
    <ac_name>BALANCE WITH EXCISE NCCD PLA</ac_name>
    <mailname>BALANCE WITH EXCISE NCCD PLA</mailname>
    <group>CURRENT ASSETS/LOANS &amp; ADVANCES    </group>
  </ACXML>
  <ACXML>
    <ac_id>1007</ac_id>
    <ac_name>BALANCE WITH EXCISE SED RG23A</ac_name>
    <mailname>BALANCE WITH EXCISE SED RG23A</mailname>
    <group>CURRENT ASSETS/LOANS &amp; ADVANCES    </group>
  </ACXML>
  <ACXML>
    <ac_id>1008</ac_id>
    <ac_name>BALANCE WITH EXCISE TNTA RG23A</ac_name>
    <mailname>BALANCE WITH EXCISE TNTA RG23A</mailname>
    <group>CURRENT ASSETS/LOANS &amp; ADVANCES    </group>
  </ACXML>
  <ACXML>
    <ac_id>1009</ac_id>
    <ac_name>BALANCE WITH EXCISE TNTA PLA</ac_name>
    <mailname>BALANCE WITH EXCISE TNTA PLA</mailname>
    <group>CURRENT ASSETS/LOANS &amp; ADVANCES    </group>
  </ACXML>
  <ACXML>
    <ac_id>1010</ac_id>
    <ac_name>BALANCE WITH CESS SURCHARGE PLA    </ac_name>
    <mailname>BALANCE WITH CESS SURCHARGE PLA    </mailname>
    <group>CURRENT ASSETS/LOANS &amp; ADVANCES    </group>
  </ACXML>
  <ACXML>
    <ac_id>1011</ac_id>
    <ac_name>BALANCE WITH CESS SURCHARGE RG23A  </ac_name>
    <mailname>BALANCE WITH CESS SURCHARGE RG23A  </mailname>
    <group>CURRENT ASSETS/LOANS &amp; ADVANCES    </group>
  </ACXML>
  <ACXML>
    <ac_id>1012</ac_id>
    <ac_name>BALANCE WITH CESS SURCHARGE RG23C  </ac_name>
    <mailname>BALANCE WITH CESS SURCHARGE RG23C  </mailname>
    <group>CURRENT ASSETS/LOANS &amp; ADVANCES    </group>
  </ACXML>
  <ACXML>
    <ac_id>1013</ac_id>
    <ac_name>CESS CAPITAL GOODS PAYABLE A/C     </ac_name>
    <mailname>CESS CAPITAL GOODS PAYABLE A/C     </mailname>
    <group>CURRENT ASSETS/LOANS &amp; ADVANCES    </group>
  </ACXML>
  <ACXML>
    <ac_id>1014</ac_id>
    <ac_name>BALANCE WITH SERVICE TAX A/C       </ac_name>
    <mailname>BALANCE WITH SERVICE TAX A/C       </mailname>
    <group>CURRENT ASSETS/LOANS &amp; ADVANCES    </group>
  </ACXML>
  <ACXML>
    <ac_id>1015</ac_id>
    <ac_name>BALANCE WITH SERVICE TAX CESS A/C  </ac_name>
    <mailname>BALANCE WITH SERVICE TAX CESS A/C  </mailname>
    <group>CURRENT ASSETS/LOANS &amp; ADVANCES    </group>
  </ACXML>
  <ACXML>
    <ac_id>1016</ac_id>
    <ac_name>BAL. WITH SERVICE TAX PAYABLE      </ac_name>
    <mailname>BAL. WITH SERVICE TAX PAYABLE      </mailname>
    <group>CURRENT ASSETS/LOANS &amp; ADVANCES    </group>
  </ACXML>
  <ACXML>
    <ac_id>1017</ac_id>
    <ac_name>BAL. WITH SERVICE TAX CESS PAYABLE </ac_name>
    <mailname>BAL. WITH SERVICE TAX CESS PAYABLE </mailname>
    <group>CURRENT ASSETS/LOANS &amp; ADVANCES    </group>
  </ACXML>
  <ACXML>
    <ac_id>1018</ac_id>
    <ac_name>WEIGHT-DIFFERENCE                  </ac_name>
    <mailname>WEIGHT-DIFFERENCE                  </mailname>
    <group>SUNDRY DEBTORS                     </group>
  </ACXML>
  <ACXML>
    <ac_id>1019</ac_id>
    <ac_name>BALANCE WITH CVD RG23A             </ac_name>
    <mailname>BALANCE WITH CVD RG23A             </mailname>
    <group>CURRENT ASSETS/LOANS &amp; ADVANCES    </group>
  </ACXML>
  <ACXML>
    <ac_id>1020</ac_id>
    <ac_name>BALANCE WITH CVD RG23C             </ac_name>
    <mailname>BALANCE WITH CVD RG23C             </mailname>
    <group>CURRENT ASSETS/LOANS &amp; ADVANCES    </group>
  </ACXML>
  <ACXML>
    <ac_id>1021</ac_id>
    <ac_name>CVD CAPITAL GOODS PAYABLE A/C      </ac_name>
    <mailname>CVD CAPITAL GOODS PAYABLE A/C      </mailname>
    <group>CURRENT ASSETS/LOANS &amp; ADVANCES    </group>
  </ACXML>
  <ACXML>
    <ac_id>1022</ac_id>
    <ac_name />
    <mailname />
    <group xml:space="preserve"> </group>
  </ACXML>
  <ACXML>
    <ac_id>1023</ac_id>
    <ac_name>TAX DEDUCTED AT SOURCE (RECEIVABLE)         </ac_name>
    <mailname>TAX DEDUCTED AT SOURCE (RECEIVABLE) A/C           </mailname>
    <group>LIABILITIES                                       </group>
  </ACXML>
  <ACXML>
    <ac_id>1024</ac_id>
    <ac_name>BALANCE WITH EXCISE SED PLA</ac_name>
    <mailname>BALANCE WITH EXCISE SED PLA</mailname>
    <group>CURRENT ASSETS/LOANS &amp; ADVANCES    </group>
  </ACXML>
  <ACXML>
    <ac_id>1025</ac_id>
    <ac_name>BALANCE WITH HCESS PLA</ac_name>
    <mailname>BALANCE WITH HCESS PLA</mailname>
    <group>CURRENT ASSETS/LOANS &amp; ADVANCES    </group>
  </ACXML>
  <ACXML>
    <ac_id>1026</ac_id>
    <ac_name>BALANCE WITH EXCISE AED RG23C</ac_name>
    <mailname>BALANCE WITH EXCISE AED RG23C</mailname>
    <group>CURRENT ASSETS/LOANS &amp; ADVANCES    </group>
  </ACXML>
  <ACXML>
    <ac_id>1027</ac_id>
    <ac_name>BALANCE WITH EXCISE NCCD RG23C</ac_name>
    <mailname>BALANCE WITH EXCISE NCCD RG23C</mailname>
    <group>CURRENT ASSETS/LOANS &amp; ADVANCES    </group>
  </ACXML>
  <ACXML>
    <ac_id>1028</ac_id>
    <ac_name>BALANCE WITH EXCISE SED RG23C</ac_name>
    <mailname>BALANCE WITH EXCISE SED RG23C</mailname>
    <group>CURRENT ASSETS/LOANS &amp; ADVANCES    </group>
  </ACXML>
  <ACXML>
    <ac_id>1029</ac_id>
    <ac_name>BALANCE WITH EXCISE TNTA RG23C</ac_name>
    <mailname>BALANCE WITH EXCISE TNTA RG23C</mailname>
    <group>CURRENT ASSETS/LOANS &amp; ADVANCES    </group>
  </ACXML>
  <ACXML>
    <ac_id>1030</ac_id>
    <ac_name>BALANCE WITH HCESS RG23A</ac_name>
    <mailname>BALANCE WITH HCESS RG23A</mailname>
    <group>CURRENT ASSETS/LOANS &amp; ADVANCES    </group>
  </ACXML>
  <ACXML>
    <ac_id>1031</ac_id>
    <ac_name>BALANCE WITH HCESS RG23C</ac_name>
    <mailname>BALANCE WITH HCESS RG23C</mailname>
    <group>CURRENT ASSETS/LOANS &amp; ADVANCES    </group>
  </ACXML>
  <ACXML>
    <ac_id>1032</ac_id>
    <ac_name>BALANCE WITH SERVICE TAX HCESS A/C                </ac_name>
    <mailname>BALANCE WITH SERVICE TAX CESS A/C                 </mailname>
    <group>CURRENT ASSETS/LOANS &amp; ADVANCES                   </group>
  </ACXML>
  <ACXML>
    <ac_id>1033</ac_id>
    <ac_name>H CESS CAPITAL GOODS PAYABLE A/C                  </ac_name>
    <mailname>H CESS CAPITAL GOODS PAYABLE A/C                  </mailname>
    <group>CURRENT ASSETS/LOANS &amp; ADVANCES                   </group>
  </ACXML>
  <ACXML>
    <ac_id>1035</ac_id>
    <ac_name>Output Vat 4% A/c</ac_name>
    <mailname>OutPut Vat 4% A/c                                 </mailname>
    <group>LIABILITIES                                       </group>
  </ACXML>
  <ACXML>
    <ac_id>1036</ac_id>
    <ac_name>Input Vat 8% A/c</ac_name>
    <mailname>InPut Vat 8% A/c                                  </mailname>
    <group>CURRENT ASSETS/LOANS &amp; ADVANCES                   </group>
  </ACXML>
  <ACXML>
    <ac_id>1037</ac_id>
    <ac_name>Input Vat 4% A/C                                  </ac_name>
    <mailname>Input Vat 4% A/C                                  </mailname>
    <group>CURRENT ASSETS/LOANS &amp; ADVANCES                   </group>
  </ACXML>
  <ACXML>
    <ac_id>1038</ac_id>
    <ac_name>Output Vat 8% A/c                                 </ac_name>
    <mailname>Output Vat 8% A/c                                 </mailname>
    <group>LIABILITIES                                       </group>
  </ACXML>
  <ACXML>
    <ac_id>1039</ac_id>
    <ac_name>EDU.CESS (194-B) ON PAYABLE A/C                   </ac_name>
    <mailname>EDU.CESS (194-B) ON PAYABLE A/C                   </mailname>
    <group>CURRENT LIABILITIES &amp; PROVISIONS                  </group>
  </ACXML>
  <ACXML>
    <ac_id>1040</ac_id>
    <ac_name>SURCHARGE (194-B) ON PAYABLE A/C                  </ac_name>
    <mailname>SURCHARGE (194-B) ON PAYABLE A/C                  </mailname>
    <group>CURRENT LIABILITIES &amp; PROVISIONS                  </group>
  </ACXML>
  <ACXML>
    <ac_id>1041</ac_id>
    <ac_name>TDS (194-B) ON PAYABLE A/C                        </ac_name>
    <mailname>TDS (194-B) ON PAYABLE A/C                        </mailname>
    <group>CURRENT LIABILITIES &amp; PROVISIONS                  </group>
  </ACXML>
  <ACXML>
    <ac_id>1042</ac_id>
    <ac_name>TDS (194-I) ON PAYABLE A/C                        </ac_name>
    <mailname>TDS (194-I) ON PAYABLE A/C                        </mailname>
    <group>CURRENT LIABILITIES &amp; PROVISIONS                  </group>
  </ACXML>
  <ACXML>
    <ac_id>1043</ac_id>
    <ac_name>SURCHARGE (194-I) ON PAYABLE A/C                  </ac_name>
    <mailname>SURCHARGE (194-I) ON PAYABLE A/C                  </mailname>
    <group>CURRENT LIABILITIES &amp; PROVISIONS                  </group>
  </ACXML>
  <ACXML>
    <ac_id>1044</ac_id>
    <ac_name>EDU.CESS (194-I) ON PAYABLE A/C                   </ac_name>
    <mailname>EDU.CESS (194-I) ON PAYABLE A/C                   </mailname>
    <group>CURRENT LIABILITIES &amp; PROVISIONS                  </group>
  </ACXML>
  <ACXML>
    <ac_id>1045</ac_id>
    <ac_name>EDU.CESS (194-J) ON PAYABLE A/C                   </ac_name>
    <mailname>EDU.CESS (194-J) ON PAYABLE A/C                   </mailname>
    <group>CURRENT LIABILITIES &amp; PROVISIONS                  </group>
  </ACXML>
  <ACXML>
    <ac_id>1046</ac_id>
    <ac_name>SURCHARGE (194-J) ON PAYABLE A/C                  </ac_name>
    <mailname>SURCHARGE (194-J) ON PAYABLE A/C                  </mailname>
    <group>CURRENT LIABILITIES &amp; PROVISIONS                  </group>
  </ACXML>
  <ACXML>
    <ac_id>1047</ac_id>
    <ac_name>TDS (194-J) ON PAYABLE A/C                        </ac_name>
    <mailname>TDS (194-J) ON PAYABLE A/C                        </mailname>
    <group>CURRENT LIABILITIES &amp; PROVISIONS                  </group>
  </ACXML>
  <ACXML>
    <ac_id>1048</ac_id>
    <ac_name>TDS (193) ON PAYABLE A/C                          </ac_name>
    <mailname>TDS (193) ON PAYABLE A/C                          </mailname>
    <group>CURRENT LIABILITIES &amp; PROVISIONS                  </group>
  </ACXML>
  <ACXML>
    <ac_id>1049</ac_id>
    <ac_name>SURCHARGE (193) ON PAYABLE A/C                    </ac_name>
    <mailname>SURCHARGE (193) ON PAYABLE A/C                    </mailname>
    <group>CURRENT LIABILITIES &amp; PROVISIONS                  </group>
  </ACXML>
  <ACXML>
    <ac_id>1050</ac_id>
    <ac_name>EDU.CESS (193) ON PAYABLE A/C                     </ac_name>
    <mailname>EDU.CESS (193) ON PAYABLE A/C                     </mailname>
    <group>CURRENT LIABILITIES &amp; PROVISIONS                  </group>
  </ACXML>
  <ACXML>
    <ac_id>1051</ac_id>
    <ac_name>EDU.CESS (194-A) ON PAYABLE A/C                   </ac_name>
    <mailname>EDU.CESS (194-A) ON PAYABLE A/C                   </mailname>
    <group>CURRENT LIABILITIES &amp; PROVISIONS                  </group>
  </ACXML>
  <ACXML>
    <ac_id>1052</ac_id>
    <ac_name>SURCHARGE (194-A) ON PAYABLE A/C                  </ac_name>
    <mailname>SURCHARGE (194-A) ON PAYABLE A/C                  </mailname>
    <group>CURRENT LIABILITIES &amp; PROVISIONS                  </group>
  </ACXML>
  <ACXML>
    <ac_id>1053</ac_id>
    <ac_name>TDS (194-A) ON PAYABLE A/C                        </ac_name>
    <mailname>TDS (194-A) ON PAYABLE A/C                        </mailname>
    <group>CURRENT LIABILITIES &amp; PROVISIONS                  </group>
  </ACXML>
  <ACXML>
    <ac_id>1055</ac_id>
    <ac_name>SURCHARGE (194-D) ON PAYABLE A/C                  </ac_name>
    <mailname>SURCHARGE (194-D) ON PAYABLE A/C                  </mailname>
    <group>CURRENT LIABILITIES &amp; PROVISIONS                  </group>
  </ACXML>
  <ACXML>
    <ac_id>1056</ac_id>
    <ac_name>EDU.CESS (194-D) ON PAYABLE A/C                   </ac_name>
    <mailname>EDU.CESS (194-D) ON PAYABLE A/C                   </mailname>
    <group>CURRENT LIABILITIES &amp; PROVISIONS                  </group>
  </ACXML>
  <ACXML>
    <ac_id>1057</ac_id>
    <ac_name>EDU.CESS (194) ON PAYABLE A/C                     </ac_name>
    <mailname>EDU.CESS (194) ON PAYABLE A/C                     </mailname>
    <group>CURRENT LIABILITIES &amp; PROVISIONS                  </group>
  </ACXML>
  <ACXML>
    <ac_id>1058</ac_id>
    <ac_name>SURCHARGE (194) ON PAYABLE A/C                    </ac_name>
    <mailname>SURCHARGE (194) ON PAYABLE A/C                    </mailname>
    <group>CURRENT LIABILITIES &amp; PROVISIONS                  </group>
  </ACXML>
  <ACXML>
    <ac_id>1061</ac_id>
    <ac_name>SURCHARGE (194-C) ON PAYABLE A/C                  </ac_name>
    <mailname>SURCHARGE (194-C) ON PAYABLE A/C                  </mailname>
    <group>CURRENT LIABILITIES &amp; PROVISIONS                  </group>
  </ACXML>
  <ACXML>
    <ac_id>1062</ac_id>
    <ac_name>EDU.CESS (194-C) ON PAYABLE A/C                   </ac_name>
    <mailname>EDU.CESS (194-C) ON PAYABLE A/C                   </mailname>
    <group>CURRENT LIABILITIES &amp; PROVISIONS                  </group>
  </ACXML>
  <ACXML>
    <ac_id>1063</ac_id>
    <ac_name>EDU.CESS (194-H) ON PAYABLE A/C                   </ac_name>
    <mailname>EDU.CESS (194-H) ON PAYABLE A/C                   </mailname>
    <group>CURRENT LIABILITIES &amp; PROVISIONS                  </group>
  </ACXML>
  <ACXML>
    <ac_id>1064</ac_id>
    <ac_name>SURCHARGE (194-H) ON PAYABLE A/C                  </ac_name>
    <mailname>SURCHARGE (194-H) ON PAYABLE A/C                  </mailname>
    <group>CURRENT LIABILITIES &amp; PROVISIONS                  </group>
  </ACXML>
  <ACXML>
    <ac_id>1066</ac_id>
    <ac_name>BALANCE WITH BCD RG23A                            </ac_name>
    <mailname>BALANCE WITH BCD RG23A                            </mailname>
    <group>CURRENT ASSETS/LOANS &amp; ADVANCES                   </group>
  </ACXML>
  <ACXML>
    <ac_id>1067</ac_id>
    <ac_name>BALANCE WITH BCD RG23C                            </ac_name>
    <mailname>BALANCE WITH BCD RG23C                            </mailname>
    <group>CURRENT ASSETS/LOANS &amp; ADVANCES                   </group>
  </ACXML>
  <ACXML>
    <ac_id>1068</ac_id>
    <ac_name>BCD CAPITAL GOODS PAYABLE A/C</ac_name>
    <mailname>BCD CAPITAL GOODS PAYABLE A/C</mailname>
    <group>CURRENT ASSETS/LOANS &amp; ADVANCES</group>
  </ACXML>
  <ACXML>
    <ac_id>1074</ac_id>
    <ac_name>S &amp; H Cess on Service Tax Available               </ac_name>
    <mailname>S &amp; H Cess on Service Tax Available               </mailname>
    <group>CURRENT ASSETS/LOANS &amp; ADVANCES                   </group>
  </ACXML>
  <ACXML>
    <ac_id>1081</ac_id>
    <ac_name>WORK ORDER                                        </ac_name>
    <mailname>WORK ORDER                                        </mailname>
    <group>SUNDRY DEBTORS                                    </group>
  </ACXML>
  <ACXML>
    <ac_id>1092</ac_id>
    <ac_name>Test in Orrisa</ac_name>
    <mailname>Test in Orrisa</mailname>
    <group>SUNDRY DEBTORS</group>
  </ACXML>
</NewDataSet>